COD_EMPRE,NUMERO_CUENTA,DESC_CUENTA,NIVEL_CUENTA,TIPO_CUENTA,SUMA_DETALLE,CUEN_DEPE,TIPO_SALDO,CLASIF_RESUL,CENTRO_COSTO,AGRUPADOR_FLUJOE,MANUAL_CUENTA,AGRUPADOR_FINANCIERO,CUENTA_INACTIVA,DESC_CUENTA2,MOSTRAR_CONSULTA
1001,1,ACTIVO,1,1,1,                  ,1,NULL,NULL,NULL,NULL,NULL,NULL,NULL,NULL
1001,11,ACTIVO CORRIENTE,2,1,1,1,1,NULL,NULL,NULL,NULL,NULL,NULL,NULL,NULL
1001,1101,EFECTIVO Y EQUIVALENTES DE EFECTIVO,3,1,1,11,1,NULL,NULL,NULL,NULL,NULL,NULL,NULL,NULL
1001,110101,FONDOS DE CAJA,4,1,1,1101,1,NULL,NULL,NULL,NULL,NULL,NULL,NULL,NULL
1001,11010101,CAJA GENERAL,5,1,2,110101,1,NULL,NULL,NULL,NULL,NULL,NULL,NULL,NULL
1001,11010102,CAJAS CHICAS,5,1,1,110101,1,NULL,NULL,NULL,NULL,NULL,NULL,NULL,NULL
1001,1101010201,FONDO CAJAS CHICA HNOS. SALESIANOS,6,1,2,11010102,1,NULL,NULL,NULL,NULL,NULL,NULL,NULL,NULL
1001,1101010202,FONDO CAJA CHICA DE GERENCIA,6,1,2,11010102,1,NULL,NULL,NULL,NULL,NULL,NULL,NULL,NULL
1001,1101010203,FONDO CAJA CHICA CONTABILIDAD,6,1,2,11010102,1,NULL,NULL,NULL,NULL,NULL,NULL,NULL,NULL
1001,110102,BANCOS,4,1,1,1101,1,NULL,NULL,NULL,NULL,NULL,NULL,NULL,NULL
1001,11010201,CUENTAS CORRIENTES,5,1,1,110102,1,NULL,NULL,NULL,NULL,NULL,NULL,NULL,NULL
1001,1101020101,"BANCO AGRICOLA, S.A",6,1,1,11010201,1,NULL,NULL,NULL,NULL,NULL,NULL,NULL,NULL
1001,1.10102E+11,CTA # 530-004459-6 BCO. AGRICOLA,7,1,2,1101020101,1,NULL,NULL,NULL,NULL,NULL,NULL,NULL,NULL
1001,1.10102E+11,CTA # 522-860174-9 ESPECIAL LIOF BCO. AGRICOLA,7,1,2,1101020101,1,NULL,NULL,NULL,NULL,NULL,NULL,NULL,NULL
1001,1101020102,"BANCO ATLANTIDA, S.A.",6,1,1,11010201,1,NULL,NULL,NULL,NULL,NULL,NULL,NULL,NULL
1001,1.10102E+11,CTA # 0203-01-021641-7 BCO. PROCREDIT,7,1,2,1101020102,1,NULL,NULL,NULL,NULL,NULL,NULL,NULL,NULL
1001,1101020103,BANCO AZUL DE EL SALVADOR ,6,1,1,11010201,1,NULL,NULL,NULL,NULL,NULL,N,NULL,NULL
1001,1.10102E+11,CTA #10000000017677 BANCO AZUL,7,1,2,1101020103,1,NULL,NULL,NULL,NULL,NULL,NULL,NULL,NULL
1001,1101020104,BANCO DE AMERCIA CENTRAL,6,1,1,11010201,1,NULL,NULL,NULL,NULL,NULL,N,NULL,NULL
1001,1.10102E+11,CTA # 201419330 BANCO DE AMERICA CENTRAL,7,1,2,1101020104,1,NULL,NULL,NULL,NULL,NULL,N,NULL,NULL
1001,1101020105,"BANCO PROMERICA, S.A.",6,1,1,11010201,1,NULL,NULL,NULL,NULL,NULL,N,NULL,NULL
1001,1.10102E+11,"CTA #10000002011138 BANCO PROMERICA,S.A.",7,1,2,1101020105,1,NULL,NULL,NULL,NULL,NULL,N,NULL,NULL
1001,11010202,CUENTAS DE AHORRO,5,1,1,110102,1,NULL,NULL,NULL,NULL,NULL,NULL,NULL,NULL
1001,1101020201,"BANCO AGRICOLA, S.A. (CUENTA DE AHORROS)",6,1,1,11010202,1,NULL,NULL,NULL,NULL,NULL,NULL,NULL,NULL
1001,1.10102E+11,CTA # 0013-0054028-9 BCO.AGRICOLA/AHORROS,7,1,2,1101020201,1,NULL,NULL,NULL,NULL,NULL,NULL,NULL,NULL
1001,1101020202,"BANCO ATLANTIDA, S.A. (AHORRO-INTERESES)",6,1,1,11010202,1,NULL,NULL,NULL,NULL,NULL,NULL,NULL,NULL
1001,1.10102E+11,"CTA. # 0201-01-016727-0 (BCO ATLANTIDA, S.A.-INTERESES)",7,1,2,1101020202,1,NULL,NULL,NULL,NULL,NULL,NULL,NULL,NULL
1001,1101020203,"BANCO DE AMERICA CENTRAL, S.A. (AHORRO-INTERESES)",6,1,1,11010202,1,NULL,NULL,NULL,NULL,NULL,NULL,NULL,NULL
1001,1.10102E+11,CTA. # 108771999 (AMERICA CENTRAL-INTERESES),7,1,2,1101020203,1,NULL,NULL,NULL,NULL,NULL,NULL,NULL,NULL
1001,1101020204,BANCO SCOTIABANK (AHORROS-INTERESES),6,1,1,11010202,1,NULL,NULL,NULL,NULL,NULL,NULL,NULL,NULL
1001,1.10102E+11,CTA. # 36-27637-5 (SCOTIABANK-INTERESES),7,1,2,1101020204,1,NULL,NULL,NULL,NULL,NULL,NULL,NULL,NULL
1001,1101020205,"BANCO DAVIVIENDA SALVADOREÑO, S.A. ( INTERESES )",6,1,1,11010202,1,NULL,NULL,NULL,NULL,NULL,NULL,NULL,NULL
1001,1.10102E+11,CTA #002-54-10479-90 BANCO DAVIVIENDA - INTERESES,7,1,2,1101020205,1,NULL,NULL,NULL,NULL,NULL,NULL,NULL,NULL
1001,1101020206,BANCO AZUL - AHORROS,6,1,1,11010202,1,NULL,NULL,NULL,NULL,NULL,N,NULL,NULL
1001,1.10102E+11,CTA  #10000001101232  CUENTAZUL RENDIMIENTO,7,1,2,1101020206,1,NULL,NULL,NULL,NULL,NULL,N,NULL,NULL
1001,110103,DEPOSITOS A PLAZO,4,1,1,1101,1,NULL,NULL,NULL,NULL,NULL,NULL,NULL,NULL
1001,11010301,DEPOSITOS A PLAZO,5,1,1,110103,1,NULL,NULL,NULL,NULL,NULL,NULL,NULL,NULL
1001,1101030101,BANCO AGRICOLA,6,1,1,11010301,1,NULL,NULL,NULL,NULL,NULL,NULL,NULL,NULL
1001,1.10103E+11,CTA. 0742-020942-2,7,1,2,1101030101,1,NULL,NULL,NULL,NULL,NULL,NULL,NULL,NULL
1001,1.10103E+11,D.PLAZO # 7430132958,7,1,2,1101030101,1,NULL,NULL,NULL,NULL,NULL,NULL,NULL,NULL
1001,1101030102,"BANCO ATLANTIDA, S.A.",6,1,1,11010301,1,NULL,NULL,NULL,NULL,NULL,NULL,NULL,NULL
1001,1.10103E+11,CTA. 0202-01-003469-7 CERTIFICADO # 55634,7,1,2,1101030102,1,NULL,NULL,NULL,NULL,NULL,NULL,NULL,NULL
1001,1.10103E+11,CTA. 0202-01-003509-7  CERTIFICADO # 57654,7,1,2,1101030102,1,NULL,NULL,NULL,NULL,NULL,NULL,NULL,NULL
1001,1101030103,"BANCO SCOTIABANK EL SALVADOR,S.A.",6,1,1,11010301,1,NULL,NULL,NULL,NULL,NULL,NULL,NULL,NULL
1001,1.10103E+11,CTA. 3601474688  CERTIFICADO # 570828,7,1,2,1101030103,1,NULL,NULL,NULL,NULL,NULL,NULL,NULL,NULL
1001,1101030104,"BANCO DE AMERICA CENTRAL, S.A.",6,1,1,11010301,1,NULL,NULL,NULL,NULL,NULL,NULL,NULL,NULL
1001,1.10103E+11,"CTA. 301181080, CERTIFICADO # 62802",7,1,2,1101030104,1,NULL,NULL,NULL,NULL,NULL,NULL,NULL,NULL
1001,1101030105,PRIMER BANCO DE LOS TRABAJADORES,6,1,1,11010301,1,NULL,NULL,NULL,NULL,NULL,NULL,NULL,NULL
1001,1.10103E+11,CERTIFICADO A PLAZO FIJO # 14231 1ER.BANCO,7,1,2,1101030105,1,NULL,NULL,NULL,NULL,NULL,NULL,NULL,NULL
1001,1.10103E+11,CERTIFICADO A PLAZO FIJO # 13631 1ER.BANCO,7,1,2,1101030105,1,NULL,NULL,NULL,NULL,NULL,NULL,NULL,NULL
1001,1.10103E+11,CERTIFICADO A PLAZO FIJO #14904 PRIMER BANCO DE LOS TRABAJADORES,7,1,2,1101030105,1,NULL,NULL,NULL,NULL,NULL,NULL,NULL,NULL
1001,1.10103E+11,CERTIF. A PLAZO FIJO #16398 PRIMER BANCO DE LOS TRABAJADORES,7,1,2,1101030105,1,NULL,NULL,NULL,NULL,NULL,N,NULL,NULL
1001,1101030106,BANCO AZUL DE EL SALVADOR,6,1,1,11010301,1,NULL,NULL,NULL,NULL,NULL,NULL,NULL,NULL
1001,1.10103E+11,"CERTIFICADO A PLAZO FIJO #0019618, BANCO AZUL",7,1,2,1101030106,1,NULL,NULL,NULL,NULL,NULL,NULL,NULL,NULL
1001,1101030107,"BANCO DAVIVIENDA SALVADOREÑO, S.A",6,1,1,11010301,1,NULL,NULL,NULL,NULL,NULL,NULL,NULL,NULL
1001,1.10103E+11,"CERTIFICADO A PLAZO#002601291524 BCO DAVIVIENDA SALVADOREÑO, S.A.",7,1,2,1101030107,1,NULL,NULL,NULL,NULL,NULL,NULL,NULL,NULL
1001,1101030108,"BANCO PROMERICA, S.A.",6,1,1,11010301,1,NULL,NULL,NULL,NULL,NULL,NULL,NULL,NULL
1001,1.10103E+11,"CERTIFICADO A PLAZO FIJO #130-0000003931 BCO PROMERICA, S.A.",7,1,2,1101030108,1,NULL,NULL,NULL,NULL,NULL,NULL,NULL,NULL
1001,1102,CUENTAS POR COBRAR COMERCIAL ( NETO ),3,1,1,11,1,NULL,NULL,NULL,NULL,NULL,NULL,NULL,NULL
1001,110201,ACTIVIDADES EDUCATIVAS,4,1,1,1102,1,NULL,NULL,NULL,NULL,NULL,NULL,NULL,NULL
1001,11020101,COLEGIATURA DE ALUMNOS,5,1,1,110201,1,NULL,NULL,NULL,NULL,NULL,NULL,NULL,NULL
1001,1102010101,PARVULARIA,6,1,2,11020101,1,NULL,NULL,NULL,NULL,NULL,NULL,NULL,NULL
1001,1102010102,PRIMER CICLO,6,1,2,11020101,1,NULL,NULL,NULL,NULL,NULL,NULL,NULL,NULL
1001,1102010103,SEGUNDO CICLO (EJEMPLO),6,1,2,11020101,1,NULL,NULL,NULL,NULL,NULL,NULL,NULL,NULL
1001,1102010104,TERCER CICLO (EJEMPLO),6,1,2,11020101,1,NULL,NULL,NULL,NULL,NULL,NULL,NULL,NULL
1001,1102010105,BACHILLERATO (EJEMPLO),6,1,2,11020101,1,NULL,NULL,NULL,NULL,NULL,NULL,NULL,NULL
1001,11020102,ESCOLARIDAD DE ALUMNOS - ENTIDADES SUBSIDIADAS,5,1,1,110201,1,NULL,NULL,NULL,NULL,NULL,NULL,NULL,NULL
1001,110202,ACTIVIDADES FORMATIVAS,4,1,1,1102,1,NULL,NULL,NULL,NULL,NULL,NULL,NULL,NULL
1001,11020201,ACTIVIDADES FORMATIVAS,5,1,2,110202,1,NULL,NULL,NULL,NULL,NULL,NULL,NULL,NULL
1001,110203,ACTIVIDADES PRODUCTIVAS,4,1,1,1102,1,NULL,NULL,NULL,NULL,NULL,NULL,NULL,NULL
1001,11020301,ACTIVIDADES PRODUCTIVAS,5,1,1,110203,1,NULL,NULL,NULL,NULL,NULL,NULL,NULL,NULL
1001,1102030101,CLIENTES LOCALES ,6,1,2,11020301,1,NULL,NULL,NULL,NULL,NULL,NULL,NULL,NULL
1001,1102030102,CLIENTES EXTERIOR,6,1,2,11020301,1,NULL,NULL,NULL,NULL,NULL,NULL,NULL,NULL
1001,110204,ACTIVIDADES COMERCIALES,4,1,1,1102,1,NULL,NULL,NULL,NULL,NULL,NULL,NULL,NULL
1001,11020401,ACTIVIDADES COMERCIALES,5,1,2,110204,1,NULL,NULL,NULL,NULL,NULL,NULL,NULL,NULL
1001,110205,ESTIMACION PARA CUENTAS INCOBRABLES COMERCIALES( R,4,1,1,1102,1,NULL,NULL,NULL,NULL,NULL,NULL,NULL,NULL
1001,11020501,ESTIMACION PARA CUENTAS INCOBRABLES ( R ),5,1,2,110205,1,NULL,NULL,NULL,NULL,NULL,NULL,NULL,NULL
1001,1103,CUENTAS POR COBRAR NO COMERCIALES ( NETO),3,1,1,11,1,NULL,NULL,NULL,NULL,NULL,NULL,NULL,NULL
1001,110301,DOCUMENTOS POR COBRAR,4,1,1,1103,1,NULL,NULL,NULL,NULL,NULL,NULL,NULL,NULL
1001,11030101,DOCUMENTOS POR COBRAR,5,1,2,110301,1,NULL,NULL,NULL,NULL,NULL,NULL,NULL,NULL
1001,110302,ANTICIPO A PROVEEDORES,4,1,1,1103,1,NULL,NULL,NULL,NULL,NULL,NULL,NULL,NULL
1001,11030201,ANTICIPO A PROVEEDORES,5,1,2,110302,1,NULL,NULL,NULL,NULL,NULL,NULL,NULL,NULL
1001,110303,IMPUESTOS Y CONTRIBUCIONES,4,1,1,1103,1,NULL,NULL,NULL,NULL,NULL,NULL,NULL,NULL
1001,11030301,IMPUESTO TERRITORIAL,5,1,2,110303,1,NULL,NULL,NULL,NULL,NULL,NULL,NULL,NULL
1001,110304,CHEQUES RECHAZADOS,4,1,1,1103,1,NULL,NULL,NULL,NULL,NULL,NULL,NULL,NULL
1001,11030401,CHEQUES RECHAZADOS,5,1,2,110304,1,NULL,NULL,NULL,NULL,NULL,NULL,NULL,NULL
1001,110305,PRESTAMOS Y ANTICIPOS AL PERSONAL,4,1,1,1103,1,NULL,NULL,NULL,NULL,NULL,NULL,NULL,NULL
1001,11030501,ANTICIPOS AL PERSONAL,5,1,1,110305,1,NULL,NULL,NULL,NULL,NULL,NULL,NULL,NULL
1001,1103050101,MARLON SALVADOR GARCIA GARCIA,6,1,2,11030501,1,NULL,NULL,NULL,NULL,NULL,NULL,NULL,NULL
1001,1103050102,MARIO NELSON ARGUETA URBINA,6,1,2,11030501,1,NULL,NULL,NULL,NULL,NULL,NULL,NULL,NULL
1001,1103050103,WALTER ENRIQUE APARICIO SURA,6,1,2,11030501,1,NULL,NULL,NULL,NULL,NULL,NULL,NULL,NULL
1001,1103050104,TANIA IVON CAÑAS DE ESCALANTE,6,1,2,11030501,1,NULL,NULL,NULL,NULL,NULL,NULL,NULL,NULL
1001,1103050105,RICARDO ALFONSO NOYOLA QUIÑONEZ,6,1,2,11030501,1,NULL,NULL,NULL,NULL,NULL,NULL,NULL,NULL
1001,1103050106,CARLOS ALBERTO FLORES,6,1,2,11030501,1,NULL,NULL,NULL,NULL,NULL,NULL,NULL,NULL
1001,1103050107,JOSE BERNABE CRUZ SEGOVIA,6,1,2,11030501,1,NULL,NULL,NULL,NULL,NULL,NULL,NULL,NULL
1001,1103050108,BONIFACIO GUEVARA LUNA,6,1,2,11030501,1,NULL,NULL,NULL,NULL,NULL,NULL,NULL,NULL
1001,1103050109,GODOFREDO FUENTES VELASQUEZ,6,1,2,11030501,1,NULL,NULL,NULL,NULL,NULL,NULL,NULL,NULL
1001,1103050110,EVA CABRERA ALVAREZ,6,1,2,11030501,1,NULL,NULL,NULL,NULL,NULL,NULL,NULL,NULL
1001,1103050111,PAULINO DE JESUS GARCIA FLORES,6,1,2,11030501,1,NULL,NULL,NULL,NULL,NULL,NULL,NULL,NULL
1001,1103050112,ANA VERONICA AGUILAR GARCIA,6,1,2,11030501,1,NULL,NULL,NULL,NULL,NULL,NULL,NULL,NULL
1001,1103050113,FRANCISCO JAVIER LOVO ESQUIVEL,6,1,2,11030501,1,NULL,NULL,NULL,NULL,NULL,NULL,NULL,NULL
1001,1103050114,DORA ALICIA MEDRANO BELTRAN,6,1,2,11030501,1,NULL,NULL,NULL,NULL,NULL,NULL,NULL,NULL
1001,1103050115,ALVARO SALVADOR PALACIOS DURAN,6,1,2,11030501,1,NULL,NULL,NULL,NULL,NULL,NULL,NULL,NULL
1001,1103050116,CARLOS ROBERTO COLOCHO DURAN,6,1,2,11030501,1,NULL,NULL,NULL,NULL,NULL,NULL,NULL,NULL
1001,1103050117,CARLOS JESUS MERINO LOPEZ,6,1,2,11030501,1,NULL,NULL,NULL,NULL,NULL,NULL,NULL,NULL
1001,1103050118,EDWIN ANTONIO CALDERON ORDOÑEZ,6,1,2,11030501,1,NULL,NULL,NULL,NULL,NULL,NULL,NULL,NULL
1001,1103050119,NESTOR WILFREDO CASTRO MESTIZO,6,1,2,11030501,1,NULL,NULL,NULL,NULL,NULL,NULL,NULL,NULL
1001,1103050120,SEGUNDO CABRERA,6,1,2,11030501,1,NULL,NULL,NULL,NULL,NULL,NULL,NULL,NULL
1001,1103050121,JOHANNA LISSETTE RAUDA HERRERA,6,1,2,11030501,1,NULL,NULL,NULL,NULL,NULL,NULL,NULL,NULL
1001,1103050122,JAIME CINES,6,1,2,11030501,1,NULL,NULL,NULL,NULL,NULL,NULL,NULL,NULL
1001,1103050123,LEONIDAS GEOVANNI HERNANDEZ REYES,6,1,2,11030501,1,NULL,NULL,NULL,NULL,NULL,NULL,NULL,NULL
1001,1103050124,MARTA ELIDA SERVANO DE CASTRO,6,1,2,11030501,1,NULL,NULL,NULL,NULL,NULL,NULL,NULL,NULL
1001,1103050125,SALVADOR CALDERON,6,1,2,11030501,1,NULL,NULL,NULL,NULL,NULL,NULL,NULL,NULL
1001,1103050126,KAREN LIZETH ARGUETA LEON,6,1,2,11030501,1,NULL,NULL,NULL,NULL,NULL,NULL,NULL,NULL
1001,1103050127,MAURICIO ANTONIO LOPEZ,6,1,2,11030501,1,NULL,NULL,NULL,NULL,NULL,NULL,NULL,NULL
1001,1103050128,CLAUDIA MARIELA LOPEZ,6,1,2,11030501,1,NULL,NULL,NULL,NULL,NULL,NULL,NULL,NULL
1001,1103050129,LUIS ANGEL UMAÑA VALDEZ,6,1,2,11030501,1,NULL,NULL,NULL,NULL,NULL,NULL,NULL,NULL
1001,1103050130,RAQUEL GUERRERO,6,1,2,11030501,1,NULL,NULL,NULL,NULL,NULL,NULL,NULL,NULL
1001,1103050131,ELIDA ESMERALDA PONCE CHACON,6,1,2,11030501,1,NULL,NULL,NULL,NULL,NULL,NULL,NULL,NULL
1001,1103050132,GABRIELA ESTEFANI TOLENTINO CORNEJO,6,1,2,11030501,1,NULL,NULL,NULL,NULL,NULL,NULL,NULL,NULL
1001,1103050133,OSEAS HIDEKEL FERMAN AYALA,6,1,2,11030501,1,NULL,NULL,NULL,NULL,NULL,NULL,NULL,NULL
1001,1103050134,ELBA GUADALUPE TORRES JIMENES,6,1,2,11030501,1,NULL,NULL,NULL,NULL,NULL,NULL,NULL,NULL
1001,1103050135,GUSTAVO ATILIO LOPEZ,6,1,2,11030501,1,NULL,NULL,NULL,NULL,NULL,NULL,NULL,NULL
1001,1103050136,ERICK JONATHAN BONILLA,6,1,2,11030501,1,NULL,NULL,NULL,NULL,NULL,NULL,NULL,NULL
1001,1103050137,KAREN BEATRIZ IRAHETA,6,1,2,11030501,1,NULL,NULL,NULL,NULL,NULL,NULL,NULL,NULL
1001,1103050138,JESUS PINEDA MELENDEZ,6,1,2,11030501,1,NULL,NULL,NULL,NULL,NULL,NULL,NULL,NULL
1001,1103050139,JUAN PEREZ MARTINEZ,6,1,2,11030501,1,NULL,NULL,NULL,NULL,NULL,NULL,NULL,NULL
1001,1103050140,NESTOR JAVIER ORANTES GUEVARA,6,1,2,11030501,1,NULL,NULL,NULL,NULL,NULL,NULL,NULL,NULL
1001,1103050141,LEONEL IRAHETA ACOSTA,6,1,2,11030501,1,NULL,NULL,NULL,NULL,NULL,NULL,NULL,NULL
1001,1103050142,ANIBAL DEL CARMEN RIVERA MOYA,6,1,2,11030501,1,NULL,NULL,NULL,NULL,NULL,NULL,NULL,NULL
1001,1103050143,WALTER EDUARDO TOVAR SILIEZAR,6,1,2,11030501,1,NULL,NULL,NULL,NULL,NULL,NULL,NULL,NULL
1001,1103050144,JOSE LUIS LANDAVERDE AREVALO,6,1,2,11030501,1,NULL,NULL,NULL,NULL,NULL,NULL,NULL,NULL
1001,1103050145,MARIA TERESA DE JESUS MONZON ESCOBAR,6,1,2,11030501,1,NULL,NULL,NULL,NULL,NULL,NULL,NULL,NULL
1001,1103050146,DORA DEL CARMEN CASTRO,6,1,2,11030501,1,NULL,NULL,NULL,NULL,NULL,NULL,NULL,NULL
1001,1103050147,NAPOLEON ANTONIO RAMIREZ ALONZO,6,1,2,11030501,1,NULL,NULL,NULL,NULL,NULL,NULL,NULL,NULL
1001,1103050148,ROBERTO ANTONIO FONSECA,6,1,2,11030501,1,NULL,NULL,NULL,NULL,NULL,NULL,NULL,NULL
1001,1103050149,ORSI ARMANDO CERON NAVARRO,6,1,2,11030501,1,NULL,NULL,NULL,NULL,NULL,NULL,NULL,NULL
1001,1103050150,NORMA GUADALUPE MORENO DE APONTES,6,1,2,11030501,1,NULL,NULL,NULL,NULL,NULL,NULL,NULL,NULL
1001,1103050151,PEDRO JOSE DURAN CASTELLANOS,6,1,2,11030501,1,NULL,NULL,NULL,NULL,NULL,NULL,NULL,NULL
1001,1103050152,DELMI JEANETTE ROSALES TORRES,6,1,2,11030501,1,NULL,NULL,NULL,NULL,NULL,NULL,NULL,NULL
1001,1103050153,JOSE ERNESTO MEDINA VANEGAS,6,1,2,11030501,1,NULL,NULL,NULL,NULL,NULL,NULL,NULL,NULL
1001,1103050154,ROBERTO VLADIMIR URIAS GUERRERO,6,1,2,11030501,1,NULL,NULL,NULL,NULL,NULL,NULL,NULL,NULL
1001,1103050155,ORLANDO ALFREDO BELLOSO,6,1,2,11030501,1,NULL,NULL,NULL,NULL,NULL,NULL,NULL,NULL
1001,1103050156,DAVID ANTONIO JUAREZ ORELLANA,6,1,2,11030501,1,NULL,NULL,NULL,NULL,NULL,NULL,NULL,NULL
1001,1103050157,RAUL JERSON LOPEZ VILLALTA,6,1,2,11030501,1,NULL,NULL,NULL,NULL,NULL,NULL,NULL,NULL
1001,1103050158,ANA CORALIA TOBAR POHL,6,1,2,11030501,1,NULL,NULL,NULL,NULL,NULL,NULL,NULL,NULL
1001,1103050159,JIMMY ROBERTO SANCHEZ OCHOA,6,1,2,11030501,1,NULL,NULL,NULL,NULL,NULL,NULL,NULL,NULL
1001,1103050160,HENRY GEHOVANY ARBUES CARBAJAL,6,1,2,11030501,1,NULL,NULL,NULL,NULL,NULL,NULL,NULL,NULL
1001,1103050161,VIRGINIA MEJIA RIVAS,6,1,2,11030501,1,NULL,NULL,NULL,NULL,NULL,NULL,NULL,NULL
1001,1103050162,HUGO  MANRIQUE HERNANDEZ CHAVEZ,6,1,2,11030501,1,NULL,NULL,NULL,NULL,NULL,NULL,NULL,NULL
1001,1103050163,SALVADOR ALFONSO CORTEZ,6,1,2,11030501,1,NULL,NULL,NULL,NULL,NULL,N,NULL,NULL
1001,1103050164,JOSE HUMBERTO JIMENEZ ROMAN,6,1,2,11030501,1,NULL,NULL,NULL,NULL,NULL,N,NULL,NULL
1001,1103050165,ANNA REBECA REALEGEÑO GAITAN,6,1,2,11030501,1,NULL,NULL,NULL,NULL,NULL,N,NULL,NULL
1001,1103050166,DAVID ALEXANDER GONZALEZ DURAN,6,1,2,11030501,1,NULL,NULL,NULL,NULL,NULL,N,NULL,NULL
1001,1103050167,JOSE ALBERTO GARCIA RIVERA,6,1,2,11030501,1,NULL,NULL,NULL,NULL,NULL,N,NULL,NULL
1001,1103050168,WENDY ARELY RODRIGUEZ RIVERA,6,1,2,11030501,1,NULL,NULL,NULL,NULL,NULL,N,NULL,NULL
1001,1103050169,WALTER BALTAZAR CHAVEZ BELTRAN,6,1,2,11030501,1,NULL,NULL,NULL,NULL,NULL,N,NULL,NULL
1001,1103050170,DANIEL ALBERTO RIVERA GARCIA,6,1,2,11030501,1,NULL,NULL,NULL,NULL,NULL,N,NULL,NULL
1001,1103050171,ISMAEL DE LEON MEJIA,6,1,2,11030501,1,NULL,NULL,NULL,NULL,NULL,N,NULL,NULL
1001,1103050172,JOSE ERNESTO MOLINA,6,1,2,11030501,1,NULL,NULL,NULL,NULL,NULL,N,NULL,NULL
1001,1103050173,JOSE DAVID CAMPOS MARTINEZ,6,1,2,11030501,1,NULL,NULL,NULL,NULL,NULL,N,NULL,NULL
1001,1103050174,CARLOS GUSTAVO LOPEZ ARGUETA,6,1,2,11030501,1,NULL,NULL,NULL,NULL,NULL,N,NULL,NULL
1001,1103050175,NANCY JOHAIRA CAÑAS PEREZ,6,1,2,11030501,1,NULL,NULL,NULL,NULL,NULL,N,NULL,NULL
1001,1103050176,RODRIGO ANTONIO COLORADO AGUILAR,6,1,2,11030501,1,NULL,NULL,NULL,NULL,NULL,N,NULL,NULL
1001,1103050177,SONIA MARICELA PORTILLO RENDEROS,6,1,2,11030501,1,NULL,NULL,NULL,NULL,NULL,N,NULL,NULL
1001,1103050178,KARLA VANESSA SIGUENZA JUAREZ,6,1,2,11030501,1,NULL,NULL,NULL,NULL,NULL,N,NULL,NULL
1001,1103050179,FERNANDO CABRERA LOPEZ,6,1,2,11030501,1,NULL,NULL,NULL,NULL,NULL,N,NULL,NULL
1001,1103050180,XENIA EDITH  AREVALO RUIZ,6,1,2,11030501,1,NULL,NULL,NULL,NULL,NULL,N,NULL,NULL
1001,1103050181,RAFAEL ULICES MOLINA DE LEON,6,1,2,11030501,1,NULL,NULL,NULL,NULL,NULL,N,NULL,NULL
1001,1103050182,CRISTOPHER ANDERSON SANCHEZ RODRIGUEZ ,6,1,2,11030501,1,NULL,NULL,NULL,NULL,NULL,N,NULL,NULL
1001,11030502,ANTICIPOS,5,1,1,110305,1,NULL,NULL,NULL,NULL,NULL,NULL,NULL,NULL
1001,1103050201,NOMBRE DEL TRABAJADOR (UTIIZADO POR LA CASA),6,1,2,11030502,1,NULL,NULL,NULL,NULL,NULL,NULL,NULL,NULL
1001,110306,ESTIMACION PARA CUENTAS INCOBRABLES NO COMERCIALES,4,1,1,1103,1,NULL,NULL,NULL,NULL,NULL,NULL,NULL,NULL
1001,11030601,ESTIMACION PARA CUENTAS INCOBRABLES ( R ),5,1,2,110306,1,NULL,NULL,NULL,NULL,NULL,NULL,NULL,NULL
1001,1104,CUENTAS POR COBRAR CASAS SALESIANAS,3,1,1,11,1,NULL,NULL,NULL,NULL,NULL,NULL,NULL,NULL
1001,110401,CASAS SALESIANAS EL SALVADOR,4,1,1,1104,1,NULL,NULL,NULL,NULL,NULL,NULL,NULL,NULL
1001,11040101,ECONOMATO SALESIANO,5,1,1,110401,1,NULL,NULL,NULL,NULL,NULL,NULL,NULL,NULL
1001,1104010101,INSPECTORIA DE C.A.(CUENTA FONDO COMUN),6,1,2,11040101,1,NULL,NULL,NULL,NULL,NULL,NULL,NULL,NULL
1001,1104010102,ASOC. INST. SALES. ADMINISTRACION GENERAL,6,1,2,11040101,1,NULL,NULL,NULL,NULL,NULL,NULL,NULL,NULL
1001,1104010103,ECONOMATO SALESIANO / FONDO AHORRO,6,1,2,11040101,1,NULL,NULL,NULL,NULL,NULL,NULL,NULL,NULL
1001,1104010104,ECONOMATO CUENTAS POR COBRAR - COMERCIALES,6,1,2,11040101,1,NULL,NULL,NULL,NULL,NULL,NULL,NULL,NULL
1001,11040102,POLIGONO DON BOSCO,5,1,2,110401,1,NULL,NULL,NULL,NULL,NULL,NULL,NULL,NULL
1001,11040103,CENTRO REGIONAL DEL SALESIANO COADJUTOR,5,1,2,110401,1,NULL,NULL,NULL,NULL,NULL,NULL,NULL,NULL
1001,11040104,COLEGIO DON BOSCO EL SALVADOR,5,1,2,110401,1,NULL,NULL,NULL,NULL,NULL,NULL,NULL,NULL
1001,11040105,CENTRO DE FORMACION PROFESIONAL(CIUDADELA DON BOS),5,1,2,110401,1,NULL,NULL,NULL,NULL,NULL,NULL,NULL,NULL
1001,11040106,CENTRO VOCACIONAL RINALDI,5,1,2,110401,1,NULL,NULL,NULL,NULL,NULL,NULL,NULL,NULL
1001,11040107,COLEGIO SANTA CECILIA,5,1,2,110401,1,NULL,NULL,NULL,NULL,NULL,NULL,NULL,NULL
1001,11040108,COLEGIO SAN JOSE,5,1,2,110401,1,NULL,NULL,NULL,NULL,NULL,NULL,NULL,NULL
1001,11040109,INSTITUTO TECNICO RICALDONE,5,1,2,110401,1,NULL,NULL,NULL,NULL,NULL,NULL,NULL,NULL
1001,11040110,PARROQUIA MARIA AUXILIADORA,5,1,2,110401,1,NULL,NULL,NULL,NULL,NULL,NULL,NULL,NULL
1001,11040111,CENTRO DE AYAGUALO-CASA DE EJERCICIOS,5,1,2,110401,1,NULL,NULL,NULL,NULL,NULL,NULL,NULL,NULL
1001,11040112,CIUDAD DE LOS NIÑOS,5,1,2,110401,1,NULL,NULL,NULL,NULL,NULL,NULL,NULL,NULL
1001,11040113,IMPRENTA RICALDONE,5,1,2,110401,1,NULL,NULL,NULL,NULL,NULL,NULL,NULL,NULL
1001,11040114,UNIVERSIDAD DON BOSCO,5,1,2,110401,1,NULL,NULL,NULL,NULL,NULL,NULL,NULL,NULL
1001,11040115,LIBRERIA SALESIANA,5,1,2,110401,1,NULL,NULL,NULL,NULL,NULL,NULL,NULL,NULL
1001,11040116,ASOC. INST. SALES. BOLETIN SALESIANO,5,1,2,110401,1,NULL,NULL,NULL,NULL,NULL,NULL,NULL,NULL
1001,110402,CASAS SALESIANAS GUATEMALA,4,1,1,1104,1,NULL,NULL,NULL,NULL,NULL,NULL,NULL,NULL
1001,11040201,PARROQUIA DON BOSCO (GUATEMALA),5,1,2,110402,1,NULL,NULL,NULL,NULL,NULL,NULL,NULL,NULL
1001,11040202,COLEGIO SALESIANO DON BOSCO DE GUATEMALA,5,1,2,110402,1,NULL,NULL,NULL,NULL,NULL,NULL,NULL,NULL
1001,11040203,LICEO GUATEMALA - QUETZALTENANGO,5,1,2,110402,1,NULL,NULL,NULL,NULL,NULL,NULL,NULL,NULL
1001,11040204,PARROQUIA LA DIVINA PROVIDENCIA (GUATEMALA),5,1,2,110402,1,NULL,NULL,NULL,NULL,NULL,NULL,NULL,NULL
1001,11040205,ASOCIACION SALESIANA DON BOSCO/INSTITUTO TEOLOGICO,5,1,2,110402,1,NULL,NULL,NULL,NULL,NULL,NULL,NULL,NULL
1001,11040206,ASOCIACION SALESIANA DON BOSCO/INSTITUTO FILOSOFICO,5,1,2,110402,1,NULL,NULL,NULL,NULL,NULL,NULL,NULL,NULL
1001,11040207,PARROQUIA DE SAN PEDRO CARCHA (GUATEMALA),5,1,2,110402,1,NULL,NULL,NULL,NULL,NULL,NULL,NULL,NULL
1001,11040208,UNIVERSIDAD MESOAMERICANA DE GUATEMALA,5,1,2,110402,1,NULL,NULL,NULL,NULL,NULL,NULL,NULL,NULL
1001,11040209,INPECTORIA CUENTAS POR COBRAR-COMERCIALES GUATE,5,1,2,110402,1,NULL,NULL,NULL,NULL,NULL,NULL,NULL,NULL
1001,110403,CASAS SALESIANAS HONDURAS,4,1,1,1104,1,NULL,NULL,NULL,NULL,NULL,NULL,NULL,NULL
1001,11040301,INSTITUTO SALESIANO SAN MIGUEL - TEGUCIGALPA,5,1,2,110403,1,NULL,NULL,NULL,NULL,NULL,NULL,NULL,NULL
1001,11040302,PARROQUIA MARÍA AUXILIADORA - COMAYAELA,5,1,2,110403,1,NULL,NULL,NULL,NULL,NULL,NULL,NULL,NULL
1001,110404,CASAS SALESIANAS NICARAGUA,4,1,1,1104,1,NULL,NULL,NULL,NULL,NULL,NULL,NULL,NULL
1001,11040401,CENTRO JUVENIL DON BOSCO - MANAGUA,5,1,2,110404,1,NULL,NULL,NULL,NULL,NULL,NULL,NULL,NULL
1001,11040402,COLEGIO SALESIANO DON BOSCO - MASAYA,5,1,2,110404,1,NULL,NULL,NULL,NULL,NULL,NULL,NULL,NULL
1001,11040403,COLEGIO SALESIANO DON BOSCO - GRANADA,5,1,2,110404,1,NULL,NULL,NULL,NULL,NULL,NULL,NULL,NULL
1001,110405,CASAS SALESIANAS COSTA RICA,4,1,1,1104,1,NULL,NULL,NULL,NULL,NULL,NULL,NULL,NULL
1001,11040501,COLEGIO SALESIANO DON BOSCO - S. PEDRO MONTES DE O,5,1,2,110405,1,NULL,NULL,NULL,NULL,NULL,NULL,NULL,NULL
1001,11040502,COLEGIO TECNICO PROFESIONAL DON BOSCO - SAN JOSE,5,1,2,110405,1,NULL,NULL,NULL,NULL,NULL,NULL,NULL,NULL
1001,11040503,NOVICIADO SALESIANO - CARTAGO,5,1,2,110405,1,NULL,NULL,NULL,NULL,NULL,NULL,NULL,NULL
1001,11040504,CENTRO DON BOSCO - SAN ISIDRO DE EL GENERAL,5,1,2,110405,1,NULL,NULL,NULL,NULL,NULL,NULL,NULL,NULL
1001,110406,CASAS SALESIANAS PANAMA,4,1,1,1104,1,NULL,NULL,NULL,NULL,NULL,NULL,NULL,NULL
1001,11040601,INSTITUTO TECNICO DON BOSCO - CDAD. DE PANAMA,5,1,2,110406,1,NULL,NULL,NULL,NULL,NULL,NULL,NULL,NULL
1001,11040602,BASILICA DON BOSCO - CDAD. DE PANAMA,5,1,2,110406,1,NULL,NULL,NULL,NULL,NULL,NULL,NULL,NULL
1001,110407,OTRAS CASAS SALESIANAS,4,1,1,1104,1,NULL,NULL,NULL,NULL,NULL,NULL,NULL,NULL
1001,11040701,OTRAS CASAS SALESIANAS,5,1,2,110407,1,NULL,NULL,NULL,NULL,NULL,NULL,NULL,NULL
1001,1105,INVENTARIOS ( NETO ),3,1,1,11,1,NULL,NULL,NULL,NULL,NULL,NULL,NULL,NULL
1001,110501,"SUMINISTROS, MATERIALES Y REPUESTOS",4,1,1,1105,1,NULL,NULL,NULL,NULL,NULL,NULL,NULL,NULL
1001,11050101,INVENTARIO DE REPUESTOS,5,1,2,110501,1,NULL,NULL,NULL,NULL,NULL,NULL,NULL,NULL
1001,110502,MATERIA PRIMA,4,1,1,1105,1,NULL,NULL,NULL,NULL,NULL,NULL,NULL,NULL
1001,11050201,MATERIA PRIMA,5,1,2,110502,1,NULL,NULL,NULL,NULL,NULL,NULL,NULL,NULL
1001,110503,PRODUCTO EN PROCESO,4,1,1,1105,1,NULL,NULL,NULL,NULL,NULL,NULL,NULL,NULL
1001,11050301,PRODUCTO EN PROCESO,5,1,2,110503,1,NULL,NULL,NULL,NULL,NULL,NULL,NULL,NULL
1001,110504,PRODUCTO TERMINADO,4,1,1,1105,1,NULL,NULL,NULL,NULL,NULL,NULL,NULL,NULL
1001,11050401,PRODUCTO TERMINADO,5,1,1,110504,1,NULL,NULL,NULL,NULL,NULL,NULL,NULL,NULL
1001,1105040101,LIBROS,6,1,2,11050401,1,NULL,NULL,NULL,NULL,NULL,NULL,NULL,NULL
1001,110505,INVENTARIOS EN CONSIGNACION,4,1,1,1105,1,NULL,NULL,NULL,NULL,NULL,NULL,NULL,NULL
1001,11050501,INVENTARIOS EN CONSIGNACION,5,1,2,110505,1,NULL,NULL,NULL,NULL,NULL,NULL,NULL,NULL
1001,110506,OTROS INVENTARIOS,4,1,1,1105,1,NULL,NULL,NULL,NULL,NULL,NULL,NULL,NULL
1001,11050601,INVENTARIO DONADO,5,1,2,110506,1,NULL,NULL,NULL,NULL,NULL,NULL,NULL,NULL
1001,11050602,OTROS INVENTARIOS,5,1,2,110506,1,NULL,NULL,NULL,NULL,NULL,NULL,NULL,NULL
1001,110507,MERCADERIA EN TRANSITO,4,1,1,1105,1,NULL,NULL,NULL,NULL,NULL,NULL,NULL,NULL
1001,11050701,MERCADERIA EN TRANSITO,5,1,1,110507,1,NULL,NULL,NULL,NULL,NULL,NULL,NULL,NULL
1001,1105070101,MATERIA PRIMA EN CAMINO,6,1,2,11050701,1,NULL,NULL,NULL,NULL,NULL,NULL,NULL,NULL
1001,1105070102,MAQUINARIA EN CAMINO,6,1,2,11050701,1,NULL,NULL,NULL,NULL,NULL,NULL,NULL,NULL
1001,1105070103,CUENTAS POR LIQUIDAR,6,1,2,11050701,1,NULL,NULL,NULL,NULL,NULL,NULL,NULL,NULL
1001,1105070104,REPUESTOS Y ACCESORIOS,6,1,2,11050701,1,NULL,NULL,NULL,NULL,NULL,NULL,NULL,NULL
1001,110508,ESTIMACION PARA LA OBSOLESCENCIA DE INVENTARIOS (R),4,1,1,1105,1,NULL,NULL,NULL,NULL,NULL,NULL,NULL,NULL
1001,11050801,ESTIMACION PARA LA OBSOLESCENCIA DE INVENTARIOS (R),5,1,2,110508,1,NULL,NULL,NULL,NULL,NULL,NULL,NULL,NULL
1001,1106,GASTOS PAGADOS POR ANTICIPADO,3,1,1,11,1,NULL,NULL,NULL,NULL,NULL,NULL,NULL,NULL
1001,110601,SEGUROS,4,1,1,1106,1,NULL,NULL,NULL,NULL,NULL,NULL,NULL,NULL
1001,11060101,SEGUROS,5,1,1,110601,1,NULL,NULL,NULL,NULL,NULL,NULL,NULL,NULL
1001,1106010101,SEGURO DE VEHICULOS,6,1,2,11060101,1,NULL,NULL,NULL,NULL,NULL,NULL,NULL,NULL
1001,1106010102,SEGURO DE VIDA DE EMPLEADOS,6,1,2,11060101,1,NULL,NULL,NULL,NULL,NULL,NULL,NULL,NULL
1001,110602,MANTENIMIENTOS,4,1,1,1106,1,NULL,NULL,NULL,NULL,NULL,NULL,NULL,NULL
1001,11060201,MANTENIMIENTOS,5,1,1,110602,1,NULL,NULL,NULL,NULL,NULL,NULL,NULL,NULL
1001,1106020101,MANTTO. DE FOTOCOPIADORAS,6,1,2,11060201,1,NULL,NULL,NULL,NULL,NULL,NULL,NULL,NULL
1001,1106020102,MANTENIMIENTO MAQUINA INDIGO,6,1,2,11060201,1,NULL,NULL,NULL,NULL,NULL,NULL,NULL,NULL
1001,1106020103,MANTENIMIENTO MAQUINARIA OFFSET,6,1,2,11060201,1,NULL,NULL,NULL,NULL,NULL,NULL,NULL,NULL
1001,1106020104,MANTENIMIENTO DE VEHICULOS,6,1,2,11060201,1,NULL,NULL,NULL,NULL,NULL,N,NULL,NULL
1001,110603,ALQUILERES,4,1,1,1106,1,NULL,NULL,NULL,NULL,NULL,NULL,NULL,NULL
1001,11060301,ALQUILERES,5,1,2,110603,1,NULL,NULL,NULL,NULL,NULL,NULL,NULL,NULL
1001,110604,PUBLICIDAD Y PROPAGANDA,4,1,1,1106,1,NULL,NULL,NULL,NULL,NULL,NULL,NULL,NULL
1001,11060401,PUBLICIDAD Y PROPAGANDA,5,1,2,110604,1,NULL,NULL,NULL,NULL,NULL,NULL,NULL,NULL
1001,110605,ANTICIPOS POR LIQUIDAR,4,1,1,1106,1,NULL,NULL,NULL,NULL,NULL,NULL,NULL,NULL
1001,11060501,ANTICIPOS POR LIQUIDAR,5,1,1,110605,1,NULL,NULL,NULL,NULL,NULL,NULL,NULL,NULL
1001,1106050101,ANTICIPOS POR LIQUIDAR,6,1,2,11060501,1,NULL,NULL,NULL,NULL,NULL,NULL,NULL,NULL
1001,1106050102,CUENTAS POR LIQUIDAR,6,1,2,11060501,1,NULL,NULL,NULL,NULL,NULL,NULL,NULL,NULL
1001,1106050103,FONDO CAJA GENERAL,6,1,2,11060501,1,NULL,NULL,NULL,NULL,NULL,NULL,NULL,NULL
1001,110606,PAPELERIA Y UTILES,4,1,1,1106,1,NULL,NULL,NULL,NULL,NULL,NULL,NULL,NULL
1001,11060601,PAPELERIA Y UTILES,5,1,2,110606,1,NULL,NULL,NULL,NULL,NULL,NULL,NULL,NULL
1001,110607,OTROS GASTOS ANTICIPADOS,4,1,1,1106,1,NULL,NULL,NULL,NULL,NULL,NULL,NULL,NULL
1001,11060701,OTROS GASTOS ANTICIPADOS,5,1,2,110607,1,NULL,NULL,NULL,NULL,NULL,NULL,NULL,NULL
1001,11060702,COMBUSTIBLE VENTAS,5,1,2,110607,1,NULL,NULL,NULL,NULL,NULL,NULL,NULL,NULL
1001,1107,CREDITO FISCAL IVA,3,1,1,11,1,NULL,NULL,NULL,NULL,NULL,NULL,NULL,NULL
1001,110701,CREDITO FISCAL,4,1,1,1107,1,NULL,NULL,NULL,NULL,NULL,NULL,NULL,NULL
1001,11070101,IVA CREDITO FISCAL,5,1,2,110701,1,NULL,NULL,NULL,NULL,NULL,NULL,NULL,NULL
1001,11070102,IVA ANTICIPO A CUENTA,5,1,2,110701,1,NULL,NULL,NULL,NULL,NULL,NULL,NULL,NULL
1001,11070103,IVA REMANENTE CREDITO,5,1,2,110701,1,NULL,NULL,NULL,NULL,NULL,NULL,NULL,NULL
1001,11070104,IVA PERCIBIDO,5,1,2,110701,1,NULL,NULL,NULL,NULL,NULL,NULL,NULL,NULL
1001,11070105,IVA POR APLICAR,5,1,2,110701,1,NULL,NULL,NULL,NULL,NULL,NULL,NULL,NULL
1001,11070107,IMPUESTO A LA LIQUIDEZ,5,1,2,110701,1,NULL,NULL,NULL,NULL,NULL,NULL,NULL,NULL
1001,12,ACTIVO NO CORRIENTE,2,1,1,1,1,NULL,NULL,NULL,NULL,NULL,NULL,NULL,NULL
1001,1201,PROPIEDAD PLANTA Y EQUIPO,3,1,1,12,1,NULL,NULL,NULL,NULL,NULL,NULL,NULL,NULL
1001,120101,BIENES INMUEBLES,4,1,1,1201,1,NULL,NULL,NULL,NULL,NULL,NULL,NULL,NULL
1001,12010101,TERRENOS,5,1,2,120101,1,NULL,NULL,NULL,NULL,NULL,NULL,NULL,NULL
1001,12010102,EDIFICIOS,5,1,2,120101,1,NULL,NULL,NULL,NULL,NULL,NULL,NULL,NULL
1001,12010103,INSTALACIONES,5,1,1,120101,1,NULL,NULL,NULL,NULL,NULL,NULL,NULL,NULL
1001,1201010301,EDIFICIO 1,6,1,2,12010103,1,NULL,NULL,NULL,NULL,NULL,NULL,NULL,NULL
1001,1201010302,EDIFICIO 2,6,1,2,12010103,1,NULL,NULL,NULL,NULL,NULL,NULL,NULL,NULL
1001,1201010303,EDIFICIIO 3,6,1,2,12010103,1,NULL,NULL,NULL,NULL,NULL,NULL,NULL,NULL
1001,120102,BIENES MUEBLES,4,1,1,1201,1,NULL,NULL,NULL,NULL,NULL,NULL,NULL,NULL
1001,12010201,MAQUINARIA Y EQUIPO,5,1,2,120102,1,NULL,NULL,NULL,NULL,NULL,NULL,NULL,NULL
1001,12010202,MOBILIARIO Y EQUIPO,5,1,2,120102,1,NULL,NULL,NULL,NULL,NULL,NULL,NULL,NULL
1001,12010203,VEHICULOS,5,1,2,120102,1,NULL,NULL,NULL,NULL,NULL,NULL,NULL,NULL
1001,12010204,VEHICULOS CENTRO EDUCATIVO,5,1,1,120102,1,NULL,NULL,NULL,NULL,NULL,NULL,NULL,NULL
1001,1201020401,VEHICULOS,6,1,2,12010204,1,NULL,NULL,NULL,NULL,NULL,NULL,NULL,NULL
1001,12010205,EQUIPO DE COMPUTACION,5,1,2,120102,1,NULL,NULL,NULL,NULL,NULL,NULL,NULL,NULL
1001,12010206,OTROS ACTIVOS FIJOS,5,1,2,120102,1,NULL,NULL,NULL,NULL,NULL,NULL,NULL,NULL
1001,120103,DEP. ACUM BIENES INMUEBLES ( R ),4,1,1,1201,1,NULL,NULL,NULL,NULL,NULL,NULL,NULL,NULL
1001,12010302,DEP. EDIFICIOS ( R ),5,1,2,120103,1,NULL,NULL,NULL,NULL,NULL,NULL,NULL,NULL
1001,12010303,DEP. INSTALACIONES ( R ),5,1,2,120103,1,NULL,NULL,NULL,NULL,NULL,NULL,NULL,NULL
1001,120104,DEP. ACUM BIENES MUEBLES ( R ),4,1,1,1201,1,NULL,NULL,NULL,NULL,NULL,NULL,NULL,NULL
1001,12010401,DEP. MAQUINARIA Y EQUIPO ( R ),5,1,2,120104,1,NULL,NULL,NULL,NULL,NULL,NULL,NULL,NULL
1001,12010402,DEP. MOB Y EQUIPO ( R ),5,1,2,120104,1,NULL,NULL,NULL,NULL,NULL,NULL,NULL,NULL
1001,12010403,DEP. VEHICULOS COMUNIDAD ( R ),5,1,2,120104,1,NULL,NULL,NULL,NULL,NULL,NULL,NULL,NULL
1001,12010404,DEP. VEHICULOS  ( R ),5,1,2,120104,1,NULL,NULL,NULL,NULL,NULL,NULL,NULL,NULL
1001,12010405,DEP. EQUIPO DE COMPUTACION ( R ),5,1,2,120104,1,NULL,NULL,NULL,NULL,NULL,NULL,NULL,NULL
1001,12010406,DEP. OTROS ACTIVOS FIJOS ( R ),5,1,2,120104,1,NULL,NULL,NULL,NULL,NULL,NULL,NULL,NULL
1001,1202,PROPIEDADES DE INVERSION,3,1,1,12,1,NULL,NULL,NULL,NULL,NULL,NULL,NULL,NULL
1001,120201,BIENES INMUEBLES,4,1,1,1202,1,NULL,NULL,NULL,NULL,NULL,NULL,NULL,NULL
1001,12020101,TERRENOS,5,1,2,120201,1,NULL,NULL,NULL,NULL,NULL,NULL,NULL,NULL
1001,12020102,EDIFICIOS,5,1,2,120201,1,NULL,NULL,NULL,NULL,NULL,NULL,NULL,NULL
1001,12020103,OTROS ACTIVOS FIJOS,5,1,2,120201,1,NULL,NULL,NULL,NULL,NULL,NULL,NULL,NULL
1001,120202,DEP. ACUM BIENES INMUEBLES ( R ),4,1,1,1202,1,NULL,NULL,NULL,NULL,NULL,NULL,NULL,NULL
1001,12020202,DEP.ACUM EDIFICIOS ( R ),5,1,2,120202,1,NULL,NULL,NULL,NULL,NULL,NULL,NULL,NULL
1001,12020203,DEP.ACUM OTROS ACTIVOS FIJOS ( R ),5,1,2,120202,1,NULL,NULL,NULL,NULL,NULL,NULL,NULL,NULL
1001,1203,"PROPIEDAD, PLANTA Y EQUIPO EN PROCESO",3,1,1,12,1,NULL,NULL,NULL,NULL,NULL,NULL,NULL,NULL
1001,120301,BIENES INMUEBLES,4,1,1,1203,1,NULL,NULL,NULL,NULL,NULL,NULL,NULL,NULL
1001,12030101,TERRENOS,5,1,2,120301,1,NULL,NULL,NULL,NULL,NULL,NULL,NULL,NULL
1001,12030102,EDIFICIOS,5,1,2,120301,1,NULL,NULL,NULL,NULL,NULL,NULL,NULL,NULL
1001,12030103,INSTALACIONES,5,1,2,120301,1,NULL,NULL,NULL,NULL,NULL,NULL,NULL,NULL
1001,120302,BIENES MUEBLES,4,1,1,1203,1,NULL,NULL,NULL,NULL,NULL,NULL,NULL,NULL
1001,12030201,MAQUINARIA Y EQUIPO,5,1,2,120302,1,NULL,NULL,NULL,NULL,NULL,NULL,NULL,NULL
1001,12030202,MOBILIARIO Y EQUIPO,5,1,2,120302,1,NULL,NULL,NULL,NULL,NULL,NULL,NULL,NULL
1001,12030203,VEHICULOS COMUNIDAD,5,1,2,120302,1,NULL,NULL,NULL,NULL,NULL,NULL,NULL,NULL
1001,12030204,VEHICULOS CENTRO EDUCATIVO,5,1,2,120302,1,NULL,NULL,NULL,NULL,NULL,NULL,NULL,NULL
1001,12030205,OTROS ACTIVOS FIJOS,5,1,1,120302,1,NULL,NULL,NULL,NULL,NULL,NULL,NULL,NULL
1001,1203020501,OTROS ACTIVOS FIJOS,6,1,2,12030205,1,NULL,NULL,NULL,NULL,NULL,NULL,NULL,NULL
1001,1204,REVALUACION PROPIEDAD PLANTA Y EQUIPO - PROPIOS,3,1,1,12,1,NULL,NULL,NULL,NULL,NULL,NULL,NULL,NULL
1001,120401,BIENES INMUEBLES,4,1,1,1204,1,NULL,NULL,NULL,NULL,NULL,NULL,NULL,NULL
1001,12040101,TERRENOS,5,1,2,120401,1,NULL,NULL,NULL,NULL,NULL,NULL,NULL,NULL
1001,12040102,EDIFICIOS,5,1,2,120401,1,NULL,NULL,NULL,NULL,NULL,NULL,NULL,NULL
1001,12040103,INSTALACIONES,5,1,2,120401,1,NULL,NULL,NULL,NULL,NULL,NULL,NULL,NULL
1001,120402,BIENES MUEBLES,4,1,1,1204,1,NULL,NULL,NULL,NULL,NULL,NULL,NULL,NULL
1001,12040201,MAQUINARIA Y EQUIPO,5,1,2,120402,1,NULL,NULL,NULL,NULL,NULL,NULL,NULL,NULL
1001,12040202,MOBILIARIO Y EQUIPO,5,1,2,120402,1,NULL,NULL,NULL,NULL,NULL,NULL,NULL,NULL
1001,12040203,OTROS ACTIVOS FIJOS,5,1,2,120402,1,NULL,NULL,NULL,NULL,NULL,NULL,NULL,NULL
1001,120403,DEP. ACUM BIENES INMUEBLES REVALUADO ( R ),4,1,1,1204,1,NULL,NULL,NULL,NULL,NULL,NULL,NULL,NULL
1001,12040302,DEP. EDIFICIOS ( R ),5,1,2,120403,1,NULL,NULL,NULL,NULL,NULL,NULL,NULL,NULL
1001,12040303,DEP. INSTALACIONES ( R ),5,1,2,120403,1,NULL,NULL,NULL,NULL,NULL,NULL,NULL,NULL
1001,120404,DEP. ACUM BIENES MUEBLES REVALUADO ( R ),4,1,1,1204,1,NULL,NULL,NULL,NULL,NULL,NULL,NULL,NULL
1001,12040401,DEP  MAQUINARIA Y EQUIPO ( R ),5,1,2,120404,1,NULL,NULL,NULL,NULL,NULL,NULL,NULL,NULL
1001,12040402,DEP. MOB Y EQUIPO ( R ),5,1,2,120404,1,NULL,NULL,NULL,NULL,NULL,NULL,NULL,NULL
1001,12040403,DEP. OTROS ACT. FIJOS ( R ),5,1,2,120404,1,NULL,NULL,NULL,NULL,NULL,NULL,NULL,NULL
1001,1205,PROP. PLANTA Y EQUIPO OBTENIDA EN ARRENDAMIENTO FI,3,1,1,12,1,NULL,NULL,NULL,NULL,NULL,NULL,NULL,NULL
1001,120501,BIENES INMUEBLES,4,1,1,1205,1,NULL,NULL,NULL,NULL,NULL,NULL,NULL,NULL
1001,12050101,TERRENOS,5,1,2,120501,1,NULL,NULL,NULL,NULL,NULL,NULL,NULL,NULL
1001,12050102,EDIFICIOS,5,1,2,120501,1,NULL,NULL,NULL,NULL,NULL,NULL,NULL,NULL
1001,12050103,INSTALACIONES,5,1,2,120501,1,NULL,NULL,NULL,NULL,NULL,NULL,NULL,NULL
1001,120502,BIENES MUEBLES,4,1,1,1205,1,NULL,NULL,NULL,NULL,NULL,NULL,NULL,NULL
1001,12050201,MAQUINARIA Y EQUIPO,5,1,2,120502,1,NULL,NULL,NULL,NULL,NULL,NULL,NULL,NULL
1001,12050202,MOBILIARIO Y EQUIPO,5,1,2,120502,1,NULL,NULL,NULL,NULL,NULL,NULL,NULL,NULL
1001,12050203,OTROS ACTIVOS FIJOS,5,1,2,120502,1,NULL,NULL,NULL,NULL,NULL,NULL,NULL,NULL
1001,120503,DEP. ACUM BIENES INMUEBLES EN ARRENDAMIENTO FINANC,4,1,1,1205,1,NULL,NULL,NULL,NULL,NULL,NULL,NULL,NULL
1001,12050302,DEP. EDIFICIOS ( R ),5,1,2,120503,1,NULL,NULL,NULL,NULL,NULL,NULL,NULL,NULL
1001,12050303,DEP. INSTALACIONES ( R ),5,1,2,120503,1,NULL,NULL,NULL,NULL,NULL,NULL,NULL,NULL
1001,120504,DEP. ACUM BIENES MUEBLES EN ARRENDAMIENTO FINANCIE,4,1,1,1205,1,NULL,NULL,NULL,NULL,NULL,NULL,NULL,NULL
1001,12050401,DEP.  MAQUINARIA Y EQUIPO ( R ),5,1,2,120504,1,NULL,NULL,NULL,NULL,NULL,NULL,NULL,NULL
1001,12050402,DEP.  MOB Y EQUIPO ( R ),5,1,2,120504,1,NULL,NULL,NULL,NULL,NULL,NULL,NULL,NULL
1001,12050403,DEP. OTROS ACT. FIJOS ( R ),5,1,2,120504,1,NULL,NULL,NULL,NULL,NULL,NULL,NULL,NULL
1001,1206,CUENTAS POR COBRAR LARGO PLAZO,3,1,1,12,1,NULL,NULL,NULL,NULL,NULL,NULL,NULL,NULL
1001,120601,CUENTAS POR COBRAR LARGO PLAZO,4,1,1,1206,1,NULL,NULL,NULL,NULL,NULL,NULL,NULL,NULL
1001,12060101,CUENTAS POR COBRAR LARGO PLAZO,5,1,2,120601,1,NULL,NULL,NULL,NULL,NULL,NULL,NULL,NULL
1001,1207,INVERSIONES PERMANENTES,3,1,1,12,1,NULL,NULL,NULL,NULL,NULL,NULL,NULL,NULL
1001,120701,INVERSIONES PERMANENTES,4,1,1,1207,1,NULL,NULL,NULL,NULL,NULL,NULL,NULL,NULL
1001,12070101,INVERSIONES PERMANENTES,5,1,2,120701,1,NULL,NULL,NULL,NULL,NULL,NULL,NULL,NULL
1001,1208,ACTIVOS INTANGIBLES,3,1,1,12,1,NULL,NULL,NULL,NULL,NULL,NULL,NULL,NULL
1001,120801,ACTIVOS INTANGIBLES,4,1,1,1208,1,NULL,NULL,NULL,NULL,NULL,NULL,NULL,NULL
1001,12080101,PATENTES Y MARCAS,5,1,2,120801,1,NULL,NULL,NULL,NULL,NULL,NULL,NULL,NULL
1001,12080102,DERECHOS DE LLAVE,5,1,2,120801,1,NULL,NULL,NULL,NULL,NULL,NULL,NULL,NULL
1001,12080103,LICENCIAS Y CONCESIONES,5,1,2,120801,1,NULL,NULL,NULL,NULL,NULL,NULL,NULL,NULL
1001,12080104,PROGRAMAS DE COMPUTACIËN,5,1,1,120801,1,NULL,NULL,NULL,NULL,NULL,NULL,NULL,NULL
1001,1208010401,LICENCIAS,6,1,2,12080104,1,NULL,NULL,NULL,NULL,NULL,NULL,NULL,NULL
1001,12080105,PROGRAMAS ACADEMICOS,5,1,2,120801,1,NULL,NULL,NULL,NULL,NULL,NULL,NULL,NULL
1001,120802,AMORTIZACION ACTIVO INTANGIBLE ( R ),4,1,1,1208,1,NULL,NULL,NULL,NULL,NULL,NULL,NULL,NULL
1001,12080201,AMORT. PATENTES Y MARCAS ( R ),5,1,2,120802,1,NULL,NULL,NULL,NULL,NULL,NULL,NULL,NULL
1001,12080202,AMORT. DERECHOS DE LLAVE ( R ),5,1,2,120802,1,NULL,NULL,NULL,NULL,NULL,NULL,NULL,NULL
1001,12080203,AMORT. LICENCIAS Y CONCESIONES ( R ),5,1,2,120802,1,NULL,NULL,NULL,NULL,NULL,NULL,NULL,NULL
1001,12080204,AMORT. PROGRAMAS DE COMPUTACION ( R ),5,1,2,120802,1,NULL,NULL,NULL,NULL,NULL,NULL,NULL,NULL
1001,12080205,AMORT. PROGRAMAS ACADEMICOS ( R ),5,1,2,120802,1,NULL,NULL,NULL,NULL,NULL,NULL,NULL,NULL
1001,1209,OTROS ACTIVOS,3,1,1,12,1,NULL,NULL,NULL,NULL,NULL,NULL,NULL,NULL
1001,120901,DEPOSITOS EN GARANTIA,4,1,1,1209,1,NULL,NULL,NULL,NULL,NULL,NULL,NULL,NULL
1001,12090101,INSTITUCIONES DE SERVICIOS,5,1,2,120901,1,NULL,NULL,NULL,NULL,NULL,NULL,NULL,NULL
1001,2,PASIVO,1,2,1,                  ,1,NULL,NULL,NULL,NULL,NULL,NULL,NULL,NULL
1001,21,PASIVOS CORRIENTES,2,2,1,2,1,NULL,NULL,NULL,NULL,NULL,NULL,NULL,NULL
1001,2101,PRESTAMOS Y SOBREGIROS  BANCARIOS,3,2,1,21,1,NULL,NULL,NULL,NULL,NULL,NULL,NULL,NULL
1001,210101,PRESTAMOS Y SOBREGIROS  BANCARIOS,4,2,1,2101,1,NULL,NULL,NULL,NULL,NULL,NULL,NULL,NULL
1001,21010101,PRESTAMOS,5,2,2,210101,1,NULL,NULL,NULL,NULL,NULL,NULL,NULL,NULL
1001,21010102,CUENTA BANCARIA,5,2,1,210101,1,NULL,NULL,NULL,NULL,NULL,NULL,NULL,NULL
1001,2101010201,BANCO AGRICOLA,6,2,2,21010102,1,NULL,NULL,NULL,NULL,NULL,NULL,NULL,NULL
1001,21010103,SOBREGIROS,5,2,1,210101,1,NULL,NULL,NULL,NULL,NULL,NULL,NULL,NULL
1001,2101010301,"BANCO AGRICOLA,S.A.",6,2,2,21010103,1,NULL,NULL,NULL,NULL,NULL,NULL,NULL,NULL
1001,210102,PORCION  PRESTAMOS LARGO PLAZO CON VENCIMIENTO A C,4,2,1,2101,1,NULL,NULL,NULL,NULL,NULL,NULL,NULL,NULL
1001,21010201,PORCION DE PRESTAMOS DE LARGO PLAZO,5,2,2,210102,1,NULL,NULL,NULL,NULL,NULL,NULL,NULL,NULL
1001,2102,CUENTAS POR PAGAR COMERCIALES,3,2,1,21,1,NULL,NULL,NULL,NULL,NULL,NULL,NULL,NULL
1001,210201,PROVEEDORES LOCALES Y DEL EXTERIOR,4,2,1,2102,1,NULL,NULL,NULL,NULL,NULL,NULL,NULL,NULL
1001,21020101,PROVEEDORES LOCALES,5,2,1,210201,1,NULL,NULL,NULL,NULL,NULL,NULL,NULL,NULL
1001,2102010101,PROVEEDORES LOCALES ,6,2,2,21020101,1,NULL,NULL,NULL,NULL,NULL,NULL,NULL,NULL
1001,21020102,PROVEEDORES DEL EXTERIOR,5,2,1,210201,1,NULL,NULL,NULL,NULL,NULL,NULL,NULL,NULL
1001,2102010201,PROVEEDORES DEL EXTERIOR,6,2,2,21020102,1,NULL,NULL,NULL,NULL,NULL,NULL,NULL,NULL
1001,2103,CUENTAS POR PAGAR NO COMERCIALES,3,2,1,21,1,NULL,NULL,NULL,NULL,NULL,NULL,NULL,NULL
1001,210301,CUOTAS PATRONALES Y LABORALES,4,2,1,2103,1,NULL,NULL,NULL,NULL,NULL,NULL,NULL,NULL
1001,21030101,SEGURO SOCIAL PATRONAL,5,2,2,210301,1,NULL,NULL,NULL,NULL,NULL,NULL,NULL,NULL
1001,21030102,PREVISIONALES PATRONALES,5,2,1,210301,1,NULL,NULL,NULL,NULL,NULL,NULL,NULL,NULL
1001,2103010201,ADMINISTRADORES DE FONDOS DE PENSIONES,6,2,1,21030102,1,NULL,NULL,NULL,NULL,NULL,NULL,NULL,NULL
1001,2.10301E+11,AFP CONFIA,7,2,2,2103010201,1,NULL,NULL,NULL,NULL,NULL,NULL,NULL,NULL
1001,2.10301E+11,AFP CRECER,7,2,2,2103010201,1,NULL,NULL,NULL,NULL,NULL,NULL,NULL,NULL
1001,2.10301E+11,I.S.S.S. PREVISIONAL,7,2,2,2103010201,1,NULL,NULL,NULL,NULL,NULL,NULL,NULL,NULL
1001,2.10301E+11,IPSFA,7,2,2,2103010201,1,NULL,NULL,NULL,NULL,NULL,NULL,NULL,NULL
1001,21030103,SEGURO SOCIAL LABORAL,5,2,2,210301,1,NULL,NULL,NULL,NULL,NULL,NULL,NULL,NULL
1001,21030104,PREVISONAL LABORAL,5,2,1,210301,1,NULL,NULL,NULL,NULL,NULL,NULL,NULL,NULL
1001,2103010401,ADMINISTRADORA DE FONDOS DE PENSIONES,6,2,1,21030104,1,NULL,NULL,NULL,NULL,NULL,NULL,NULL,NULL
1001,2.10301E+11,AFP CONFIA,7,2,2,2103010401,1,NULL,NULL,NULL,NULL,NULL,NULL,NULL,NULL
1001,2.10301E+11,AFP CRECER,7,2,2,2103010401,1,NULL,NULL,NULL,NULL,NULL,NULL,NULL,NULL
1001,2.10301E+11,I.S.S.S. PREVISIONAL,7,2,2,2103010401,1,NULL,NULL,NULL,NULL,NULL,NULL,NULL,NULL
1001,2.10301E+11,IPSFA,7,2,2,2103010401,1,NULL,NULL,NULL,NULL,NULL,NULL,NULL,NULL
1001,21030105,INSAFORP,5,2,2,210301,1,NULL,NULL,NULL,NULL,NULL,NULL,NULL,NULL
1001,210302,RETENCIONES RENTA Y OTRAS,4,2,1,2103,1,NULL,NULL,NULL,NULL,NULL,NULL,NULL,NULL
1001,21030201,EMPLEADOS,5,2,1,210302,1,NULL,NULL,NULL,NULL,NULL,NULL,NULL,NULL
1001,2103020101,RETENCION JOSE A. RAMOS,6,2,2,21030201,1,NULL,NULL,NULL,NULL,NULL,NULL,NULL,NULL
1001,2103020102,PROVISIONES CIERRE DEL EJERCICIO,6,2,2,21030201,1,NULL,NULL,NULL,NULL,NULL,NULL,NULL,NULL
1001,2103020103,RETENC. AYUDA  A EMPLEADOS,6,2,2,21030201,1,NULL,NULL,NULL,NULL,NULL,NULL,NULL,NULL
1001,21030202,TERCEROS,5,2,2,210302,1,NULL,NULL,NULL,NULL,NULL,NULL,NULL,NULL
1001,21030203,OTRAS RETENCIONES,5,2,1,210302,1,NULL,NULL,NULL,NULL,NULL,NULL,NULL,NULL
1001,2103020301,OBLIGACIONES CON TERCEROS,6,2,1,21030203,1,NULL,NULL,NULL,NULL,NULL,NULL,NULL,NULL
1001,2.10302E+11,RETENC.  PRESTAMO BCO. DAVIVIENDA SALVADOREÑO,7,2,2,2103020301,1,NULL,NULL,NULL,NULL,NULL,NULL,NULL,NULL
1001,2.10302E+11,RETENC. CUOTA PRESTAMO BCO. AGRICOLA,7,2,2,2103020301,1,NULL,NULL,NULL,NULL,NULL,NULL,NULL,NULL
1001,2.10302E+11,RETENC. CUOTA PRESTAMO BCO SCOTIABANK,7,2,2,2103020301,1,NULL,NULL,NULL,NULL,NULL,NULL,NULL,NULL
1001,2.10302E+11,RETENC. CUOTA P/PRESTAMO F.S.V.,7,2,2,2103020301,1,NULL,NULL,NULL,NULL,NULL,NULL,NULL,NULL
1001,2.10302E+11,RETENCION IMPUESTO SOBRE LA RENTA,7,2,2,2103020301,1,NULL,NULL,NULL,NULL,NULL,NULL,NULL,NULL
1001,2.10302E+11,RETENC. CUOTA ASOCIACION HPH EL SALVADOR,7,2,2,2103020301,1,NULL,NULL,NULL,NULL,NULL,NULL,NULL,NULL
1001,2.10302E+11,RETENC. CUOTA PROCURADURIA DE LA REPUBLICA,7,2,2,2103020301,1,NULL,NULL,NULL,NULL,NULL,NULL,NULL,NULL
1001,2.10302E+11,RETENC. BANCO AZUL,7,2,2,2103020301,1,NULL,NULL,NULL,NULL,NULL,NULL,NULL,NULL
1001,2.10302E+11,RETENC. CUOTA BANCO CITIBANK,7,2,2,2103020301,1,NULL,NULL,NULL,NULL,NULL,NULL,NULL,NULL
1001,2.10302E+11,RETEN.CUOTA CACTIUSA DE R.L.,7,2,2,2103020301,1,NULL,NULL,NULL,NULL,NULL,NULL,NULL,NULL
1001,2.10302E+11,RETEN. CUOTA OPTICA FUDSAL,7,2,2,2103020301,1,NULL,NULL,NULL,NULL,NULL,NULL,NULL,NULL
1001,2.10302E+11,RETENCION DEL 13% DE IVA,7,2,2,2103020301,1,NULL,NULL,NULL,NULL,NULL,NULL,NULL,NULL
1001,2.10302E+11,RETEN.CUOTA PTMO BANCO PROMERICA,7,2,2,2103020301,1,NULL,NULL,NULL,NULL,NULL,NULL,NULL,NULL
1001,2.10302E+11,"RETENC.CUOTA PRESTAMO ACCIONES INTEGRADAS, S.A. DE C.V.",7,2,2,2103020301,1,NULL,NULL,NULL,NULL,NULL,NULL,NULL,NULL
1001,2.10302E+11,"RETEN.BANCO CUSCATLAN EL SALV,SA.",7,2,2,2103020301,1,NULL,NULL,NULL,NULL,NULL,NULL,NULL,NULL
1001,2.10302E+11,RETENC. COOPAS DE R.L.,7,2,2,2103020301,1,NULL,NULL,NULL,NULL,NULL,N,NULL,NULL
1001,210303,ACREEDORES VARIOS,4,2,1,2103,1,NULL,NULL,NULL,NULL,NULL,NULL,NULL,NULL
1001,21030301,ENERGIA ELECTRICA,5,2,2,210303,1,NULL,NULL,NULL,NULL,NULL,NULL,NULL,NULL
1001,21030302,SERVICIO TELEFONICO,5,2,2,210303,1,NULL,NULL,NULL,NULL,NULL,NULL,NULL,NULL
1001,21030303,SERVICIO DE INTERNET,5,2,2,210303,1,NULL,NULL,NULL,NULL,NULL,NULL,NULL,NULL
1001,21030304,SUMINISTRO DE AGUA,5,2,2,210303,1,NULL,NULL,NULL,NULL,NULL,NULL,NULL,NULL
1001,21030305,INTERESES POR PRESTAMOS,5,2,2,210303,1,NULL,NULL,NULL,NULL,NULL,NULL,NULL,NULL
1001,21030306,CAJA CHICA POR LIQUIDAR,5,2,2,210303,1,NULL,NULL,NULL,NULL,NULL,NULL,NULL,NULL
1001,21030307,ACREEDORES VARIOS,5,2,1,210303,1,NULL,NULL,NULL,NULL,NULL,NULL,NULL,NULL
1001,2103030701,RETENC. CUOTA VIALIDAD,6,2,2,21030307,1,NULL,NULL,NULL,NULL,NULL,NULL,NULL,NULL
1001,2103030702,DIRECCION GENERAL DE TESORERIA,6,2,2,21030307,1,NULL,NULL,NULL,NULL,NULL,NULL,NULL,NULL
1001,21030308,RETENCION 1% IVA,5,2,2,210303,1,NULL,NULL,NULL,NULL,NULL,NULL,NULL,NULL
1001,210304,IMPUESTOS Y CONTRIBUCIONES,4,2,1,2103,1,NULL,NULL,NULL,NULL,NULL,NULL,NULL,NULL
1001,21030401,IMPUESTOS MUNICIPALES,5,2,2,210304,1,NULL,NULL,NULL,NULL,NULL,NULL,NULL,NULL
1001,21030402,OTROS IMPUESTOS,5,2,2,210304,1,NULL,NULL,NULL,NULL,NULL,NULL,NULL,NULL
1001,21030403,IVA POR PAGAR (NUEVA),5,2,2,210304,1,NULL,NULL,NULL,NULL,NULL,NULL,NULL,NULL
1001,210305,DOCUMENTOS POR PAGAR,4,2,1,2103,1,NULL,NULL,NULL,NULL,NULL,NULL,NULL,NULL
1001,21030501,CONTRATOS A CORTO PLAZO,5,2,2,210305,1,NULL,NULL,NULL,NULL,NULL,NULL,NULL,NULL
1001,21030502,CARTAS DE CREDITO,5,2,2,210305,1,NULL,NULL,NULL,NULL,NULL,NULL,NULL,NULL
1001,21030503,PAGARES,5,2,2,210305,1,NULL,NULL,NULL,NULL,NULL,NULL,NULL,NULL
1001,21030504,LETRAS DE CAMBIO,5,2,2,210305,1,NULL,NULL,NULL,NULL,NULL,NULL,NULL,NULL
1001,2104,REMUNERACIONES Y PRESTACIONES POR PAGAR,3,2,1,21,1,NULL,NULL,NULL,NULL,NULL,NULL,NULL,NULL
1001,210401,REMUNERACIONES,4,2,1,2104,1,NULL,NULL,NULL,NULL,NULL,NULL,NULL,NULL
1001,21040101,SUELDOS,5,2,2,210401,1,NULL,NULL,NULL,NULL,NULL,NULL,NULL,NULL
1001,21040102,COMISIONES,5,2,1,210401,1,NULL,NULL,NULL,NULL,NULL,NULL,NULL,NULL
1001,2104010201,COMISIONES-RICARDO ALFONSO NOYOLA,6,2,2,21040102,1,NULL,NULL,NULL,NULL,NULL,NULL,NULL,NULL
1001,2104010202,COMISIONES-OSEAS HIDEKEL FERMAN,6,2,2,21040102,1,NULL,NULL,NULL,NULL,NULL,NULL,NULL,NULL
1001,2104010203,COMISIONES - WILFREDO CASTRO,6,2,2,21040102,1,NULL,NULL,NULL,NULL,NULL,NULL,NULL,NULL
1001,2104010204,COMISIONES-NORMA GUADALUPE MORENO,6,2,2,21040102,1,NULL,NULL,NULL,NULL,NULL,NULL,NULL,NULL
1001,2104010205,COMISIONES-FREELANCE,6,2,2,21040102,1,NULL,NULL,NULL,NULL,NULL,NULL,NULL,NULL
1001,2104010206,COMISIONES- ELIDA ESMERALDA PONCE CHACON,6,2,2,21040102,1,NULL,NULL,NULL,NULL,NULL,NULL,NULL,NULL
1001,2104010207,COMISIONES-ELBA GUADALUPE TORRES,6,2,2,21040102,1,NULL,NULL,NULL,NULL,NULL,NULL,NULL,NULL
1001,2104010208,COMISIONES-VIRGINIA MEJIA RIVAS,6,2,2,21040102,1,NULL,NULL,NULL,NULL,NULL,NULL,NULL,NULL
1001,2104010209,COMISIONES- JOHANNA LISSETTE RAUDA,6,2,2,21040102,1,NULL,NULL,NULL,NULL,NULL,N,NULL,NULL
1001,2104010210,COMISIONES- WENDY ARELY RODRIGUEZ,6,2,2,21040102,1,NULL,NULL,NULL,NULL,NULL,N,NULL,NULL
1001,2104010211,COMISIONES- DAVID ANTONIO JUAREZ ORELLANA,6,2,2,21040102,1,NULL,NULL,NULL,NULL,NULL,N,NULL,NULL
1001,2104010212,COMISIONES- ASISTENTE VENTAS,6,2,2,21040102,1,NULL,NULL,NULL,NULL,NULL,N,NULL,NULL
1001,21040103,BONIFICACIONES,5,2,2,210401,1,NULL,NULL,NULL,NULL,NULL,NULL,NULL,NULL
1001,210402,PRESTACIONES LABORALES,4,2,1,2104,1,NULL,NULL,NULL,NULL,NULL,NULL,NULL,NULL
1001,21040201,AGUINALDOS,5,2,1,210402,1,NULL,NULL,NULL,NULL,NULL,NULL,NULL,NULL
1001,2104020101,RESERVA LABORAL PARA AGUINALDOS,6,2,2,21040201,1,NULL,NULL,NULL,NULL,NULL,NULL,NULL,NULL
1001,21040202,VACACIONES,5,2,1,210402,1,NULL,NULL,NULL,NULL,NULL,NULL,NULL,NULL
1001,2104020201,RESERVA LABORAL PARA VACACIONES,6,2,2,21040202,1,NULL,NULL,NULL,NULL,NULL,NULL,NULL,NULL
1001,21040203,BONIFICACIONES,5,2,1,210402,1,NULL,NULL,NULL,NULL,NULL,NULL,NULL,NULL
1001,2104020301,RESERVA LABORAL PARA BONIFICACIONES,6,2,2,21040203,1,NULL,NULL,NULL,NULL,NULL,NULL,NULL,NULL
1001,21040204,INDEMNIZACIONES,5,2,1,210402,1,NULL,NULL,NULL,NULL,NULL,NULL,NULL,NULL
1001,2104020401,RESERVA LABORAL PARA INDEMNIZACIONES,6,2,2,21040204,1,NULL,NULL,NULL,NULL,NULL,NULL,NULL,NULL
1001,2105,FONDOS AJENOS EN CUSTODIA,3,2,1,21,1,NULL,NULL,NULL,NULL,NULL,NULL,NULL,NULL
1001,210501,FONDOS AJENOS EN CUSTODIA,4,2,1,2105,1,NULL,NULL,NULL,NULL,NULL,NULL,NULL,NULL
1001,21050101,FONDOS PADRES DE FAMILIA,5,2,2,210501,1,NULL,NULL,NULL,NULL,NULL,NULL,NULL,NULL
1001,21050102,FONDO SEGURO DE ALUMNOS,5,2,2,210501,1,NULL,NULL,NULL,NULL,NULL,NULL,NULL,NULL
1001,2106,INGRESOS ANTICIPADOS,3,2,1,21,1,NULL,NULL,NULL,NULL,NULL,NULL,NULL,NULL
1001,210601,INGRESOS ANTICIPADOS,4,2,1,2106,1,NULL,NULL,NULL,NULL,NULL,NULL,NULL,NULL
1001,21060101,MATRICULAS,5,2,2,210601,1,NULL,NULL,NULL,NULL,NULL,NULL,NULL,NULL
1001,21060102,COLEGIATURAS,5,2,2,210601,1,NULL,NULL,NULL,NULL,NULL,NULL,NULL,NULL
1001,21060103,INGRESOS DIFERIDOS / FACTURACION ANTICIPADA,5,2,2,210601,1,NULL,NULL,NULL,NULL,NULL,NULL,NULL,NULL
1001,21060104,ANTICIPOS DE CLIENTES,5,2,2,210601,1,NULL,NULL,NULL,NULL,NULL,NULL,NULL,NULL
1001,2107,CUENTAS POR LIQUIDAR,3,2,1,21,1,NULL,NULL,NULL,NULL,NULL,NULL,NULL,NULL
1001,210701,CUENTAS POR LIQUIDAR,4,2,1,2107,1,NULL,NULL,NULL,NULL,NULL,NULL,NULL,NULL
1001,21070101,CUENTAS POR LIQUIDAR,5,2,1,210701,1,NULL,NULL,NULL,NULL,NULL,NULL,NULL,NULL
1001,2107010101,CUENTAS POR LIQUIDAR VARIAS,6,2,2,21070101,1,NULL,NULL,NULL,NULL,NULL,NULL,NULL,NULL
1001,210702,TRANSITORIO,4,2,1,2107,1,NULL,NULL,NULL,NULL,NULL,NULL,NULL,NULL
1001,21070201,PROYECTO JTM,5,2,2,210702,1,NULL,NULL,NULL,NULL,NULL,NULL,NULL,NULL
1001,21070202,PROYECTO MISERIO,5,2,2,210702,1,NULL,NULL,NULL,NULL,NULL,NULL,NULL,NULL
1001,2108,CUENTAS POR PAGAR CASAS SALESIANAS,3,2,1,21,1,NULL,NULL,NULL,NULL,NULL,NULL,NULL,NULL
1001,210801,CASAS SALESIANAS EL SALVADOR,4,2,1,2108,1,NULL,NULL,NULL,NULL,NULL,NULL,NULL,NULL
1001,21080101,ECONOMATO SALESIANO,5,2,1,210801,1,NULL,NULL,NULL,NULL,NULL,NULL,NULL,NULL
1001,2108010101,FONDO  COMUN,6,2,2,21080101,1,NULL,NULL,NULL,NULL,NULL,NULL,NULL,NULL
1001,2108010102,CUOTA INSPECTORIAL,6,2,2,21080101,1,NULL,NULL,NULL,NULL,NULL,NULL,NULL,NULL
1001,2108010103,SEGURO MEDICO,6,2,2,21080101,1,NULL,NULL,NULL,NULL,NULL,NULL,NULL,NULL
1001,2108010104,BOLETIN SALESIANO,6,2,2,21080101,1,NULL,NULL,NULL,NULL,NULL,NULL,NULL,NULL
1001,2108010105,SUSCRIPCIONES,6,2,2,21080101,1,NULL,NULL,NULL,NULL,NULL,NULL,NULL,NULL
1001,2108010106,FACTURAS DE LIBRERIA,6,2,2,21080101,1,NULL,NULL,NULL,NULL,NULL,NULL,NULL,NULL
1001,2108010107,CUOTA DE SOLIDARIDAD,6,2,2,21080101,1,NULL,NULL,NULL,NULL,NULL,NULL,NULL,NULL
1001,2108010108,CUENTA DEL IVA,6,2,2,21080101,1,NULL,NULL,NULL,NULL,NULL,NULL,NULL,NULL
1001,2108010109,INTERESES,6,2,2,21080101,1,NULL,NULL,NULL,NULL,NULL,NULL,NULL,NULL
1001,2108010110,PRESTAMOS,6,2,2,21080101,1,NULL,NULL,NULL,NULL,NULL,NULL,NULL,NULL
1001,2108010111,BECAS,6,2,2,21080101,1,NULL,NULL,NULL,NULL,NULL,NULL,NULL,NULL
1001,2108010112,OTROS,6,2,2,21080101,1,NULL,NULL,NULL,NULL,NULL,NULL,NULL,NULL
1001,21080102,POLIGONO DON BOSCO,5,2,2,210801,1,NULL,NULL,NULL,NULL,NULL,NULL,NULL,NULL
1001,21080103,CENTRO REGIONAL DEL SALESIANO COADJUTOR,5,2,2,210801,1,NULL,NULL,NULL,NULL,NULL,NULL,NULL,NULL
1001,21080104,COLEGIO DON BOSCO (CIUDADELA),5,2,2,210801,1,NULL,NULL,NULL,NULL,NULL,NULL,NULL,NULL
1001,21080105,CENTRO DE FORMACION PROFESIONAL (CIUDADELA),5,2,2,210801,1,NULL,NULL,NULL,NULL,NULL,NULL,NULL,NULL
1001,21080106,CENTRO VOCACIONAL RINALDI,5,2,2,210801,1,NULL,NULL,NULL,NULL,NULL,NULL,NULL,NULL
1001,21080107,COLEGIO SANTA CECILIA,5,2,2,210801,1,NULL,NULL,NULL,NULL,NULL,NULL,NULL,NULL
1001,21080108,COLEGIO SAN JOSE,5,2,2,210801,1,NULL,NULL,NULL,NULL,NULL,NULL,NULL,NULL
1001,21080109,INSTITUTO TECNICO RICALDONE,5,2,2,210801,1,NULL,NULL,NULL,NULL,NULL,NULL,NULL,NULL
1001,21080110,PARROQUIA MARIA AUXILIADORA,5,2,2,210801,1,NULL,NULL,NULL,NULL,NULL,NULL,NULL,NULL
1001,21080111,CASA DE EJERCICIOS DE AYAGUALO,5,2,2,210801,1,NULL,NULL,NULL,NULL,NULL,NULL,NULL,NULL
1001,21080112,CIUDAD DE LOS NIÑOS,5,2,2,210801,1,NULL,NULL,NULL,NULL,NULL,NULL,NULL,NULL
1001,21080113,IMPRENTA RICALDONE,5,2,2,210801,1,NULL,NULL,NULL,NULL,NULL,NULL,NULL,NULL
1001,21080114,UNIVERSIDAD DON BOSCO,5,2,2,210801,1,NULL,NULL,NULL,NULL,NULL,NULL,NULL,NULL
1001,210802,CASAS SALESIANAS GUATEMALA,4,2,1,2108,1,NULL,NULL,NULL,NULL,NULL,NULL,NULL,NULL
1001,21080201,PARROQUIA EL ESPIRITU SANTO-GUATEMALA,5,2,2,210802,1,NULL,NULL,NULL,NULL,NULL,NULL,NULL,NULL
1001,21080202,COLEGIO SALESIANO DON BOSCO-GUATEMALA,5,2,2,210802,1,NULL,NULL,NULL,NULL,NULL,NULL,NULL,NULL
1001,21080203,LICEO GUATEMALA - QUEZALTENANGO,5,2,2,210802,1,NULL,NULL,NULL,NULL,NULL,NULL,NULL,NULL
1001,21080204,PARROQUIA LA DIVINA PROVIDENCIA-GUATEMALA,5,2,2,210802,1,NULL,NULL,NULL,NULL,NULL,NULL,NULL,NULL
1001,21080205,INSTITUTO TEOLOGICO DE GUATEMALA,5,2,2,210802,1,NULL,NULL,NULL,NULL,NULL,NULL,NULL,NULL
1001,21080206,INSTITUTO FILOSOFICO DE GUATEMALA,5,2,2,210802,1,NULL,NULL,NULL,NULL,NULL,NULL,NULL,NULL
1001,21080207,PARROQUIA DE SAN PEDRO CARCHA-COBAN/GUATEMALA,5,2,2,210802,1,NULL,NULL,NULL,NULL,NULL,NULL,NULL,NULL
1001,21080208,UNIVERSIDAD MESOAMERICANA-GUATEMALA,5,2,2,210802,1,NULL,NULL,NULL,NULL,NULL,NULL,NULL,NULL
1001,210803,CASAS SALESIANAS HONDURAS,4,2,1,2108,1,NULL,NULL,NULL,NULL,NULL,NULL,NULL,NULL
1001,21080301,INSTITUTO SALESIANO SAN MIGUEL - TEGUCIGALPA,5,2,2,210803,1,NULL,NULL,NULL,NULL,NULL,NULL,NULL,NULL
1001,21080302,PARROQUIA MARIA AUXILIADORA - COMAYAGUELA/HONDU,5,2,2,210803,1,NULL,NULL,NULL,NULL,NULL,NULL,NULL,NULL
1001,210804,CASAS SALESIANAS NICARAGUA,4,2,1,2108,1,NULL,NULL,NULL,NULL,NULL,NULL,NULL,NULL
1001,21080401,CENTRO JUVENIL DON BOSCO - MANAGUA/NICARAGUA,5,2,2,210804,1,NULL,NULL,NULL,NULL,NULL,NULL,NULL,NULL
1001,21080402,COLEGIO SALESIANO DON BOSCO - MASAYA/NICARAGUA,5,2,2,210804,1,NULL,NULL,NULL,NULL,NULL,NULL,NULL,NULL
1001,21080403,COLEGIO SALESIANO DON BOSCO - GRANADA/NICARAGUA,5,2,2,210804,1,NULL,NULL,NULL,NULL,NULL,NULL,NULL,NULL
1001,210805,CASAS SALESIANAS COSTA RICA,4,2,1,2108,1,NULL,NULL,NULL,NULL,NULL,NULL,NULL,NULL
1001,21080501,COLEGIO SALESIANO DON BOSCO - S. PEDRO MONTES DE O,5,2,2,210805,1,NULL,NULL,NULL,NULL,NULL,NULL,NULL,NULL
1001,21080502,COLEGIO TECNICO PROFESIONAL DON BOSCO - SAN JOSE/C.R.,5,2,2,210805,1,NULL,NULL,NULL,NULL,NULL,NULL,NULL,NULL
1001,21080503,NOVICIADO SALESIANO - CARTAGO/COSTA RICA,5,2,2,210805,1,NULL,NULL,NULL,NULL,NULL,NULL,NULL,NULL
1001,21080504,CENTRO DON BOSCO - SAN ISIDRO DE EL GENERAL/C.R.,5,2,2,210805,1,NULL,NULL,NULL,NULL,NULL,NULL,NULL,NULL
1001,210806,CASAS SALESIANAS PANAMA,4,2,1,2108,1,NULL,NULL,NULL,NULL,NULL,NULL,NULL,NULL
1001,21080601,INSTITUTO TECNICO DON BOSCO - CDAD. DE PANAMA,5,2,2,210806,1,NULL,NULL,NULL,NULL,NULL,NULL,NULL,NULL
1001,21080602,BASILICA DON BOSCO - CDAD. DE PANAMA,5,2,2,210806,1,NULL,NULL,NULL,NULL,NULL,NULL,NULL,NULL
1001,210807,OTRAS CASAS SALESIANAS,4,2,1,2108,1,NULL,NULL,NULL,NULL,NULL,NULL,NULL,NULL
1001,21080701,OTRAS CASAS SALESIANAS,5,2,2,210807,1,NULL,NULL,NULL,NULL,NULL,NULL,NULL,NULL
1001,2109,DEBITO FISCAL IVA,3,2,1,21,1,NULL,NULL,NULL,NULL,NULL,NULL,NULL,NULL
1001,210901,DEBITO FISCAL IVA,4,2,1,2109,1,NULL,NULL,NULL,NULL,NULL,NULL,NULL,NULL
1001,21090101,IVA - DEBITO FISCAL,5,2,2,210901,1,NULL,NULL,NULL,NULL,NULL,NULL,NULL,NULL
1001,21090102,IVA - RETENCION 1%,5,2,2,210901,1,NULL,NULL,NULL,NULL,NULL,NULL,NULL,NULL
1001,21090103,IVA - POR PAGAR DEL PERIODO,5,2,2,210901,1,NULL,NULL,NULL,NULL,NULL,NULL,NULL,NULL
1001,22,PASIVOS NO CORRIENTES,2,2,1,2,1,NULL,NULL,NULL,NULL,NULL,NULL,NULL,NULL
1001,2201,PRESTAMOS POR PAGAR A LARGO PLAZO,3,2,1,22,1,NULL,NULL,NULL,NULL,NULL,NULL,NULL,NULL
1001,220101,BANCARIOS,4,2,1,2201,1,NULL,NULL,NULL,NULL,NULL,NULL,NULL,NULL
1001,22010101,BANCO ...,5,2,2,220101,1,NULL,NULL,NULL,NULL,NULL,NULL,NULL,NULL
1001,220102,NO BANCARIOS,4,2,1,2201,1,NULL,NULL,NULL,NULL,NULL,NULL,NULL,NULL
1001,22010201,INSPECTORIA,5,2,1,220102,1,NULL,NULL,NULL,NULL,NULL,NULL,NULL,NULL
1001,2201020101,FONDO COMUN,6,2,2,22010201,1,NULL,NULL,NULL,NULL,NULL,NULL,NULL,NULL
1001,2201020102,PRESTAMOS,6,2,2,22010201,1,NULL,NULL,NULL,NULL,NULL,NULL,NULL,NULL
1001,2202,OBLIGACIONES POR ARRENDAMIENTOS A LARGO PLAZO,3,2,1,22,1,NULL,NULL,NULL,NULL,NULL,NULL,NULL,NULL
1001,220201,OBLIGACIONES POR ARRENDAMIENTOS A LARGO PLAZO,4,2,1,2202,1,NULL,NULL,NULL,NULL,NULL,NULL,NULL,NULL
1001,22020101,OBLIGACIONES POR ARRENDAMIENTOS,5,2,2,220201,1,NULL,NULL,NULL,NULL,NULL,NULL,NULL,NULL
1001,2203,OBLIGACIONES POR BENEFICIOS DE RETIROS Y CESANTIA,3,2,1,22,1,NULL,NULL,NULL,NULL,NULL,NULL,NULL,NULL
1001,220301,OBLIGACIONES POR BENEFICIOS DE RETIROS Y CESANTIA,4,2,1,2203,1,NULL,NULL,NULL,NULL,NULL,NULL,NULL,NULL
1001,22030101,OBLIGACIONES CON EL PERSONAL,5,2,2,220301,1,NULL,NULL,NULL,NULL,NULL,NULL,NULL,NULL
1001,2204,OTROS PASIVOS A LARGO PLAZO,3,2,1,22,1,NULL,NULL,NULL,NULL,NULL,NULL,NULL,NULL
1001,220401,OTROS PASIVOS,4,2,1,2204,1,NULL,NULL,NULL,NULL,NULL,NULL,NULL,NULL
1001,22040101,OTROS PASIVOS,5,2,2,220401,1,NULL,NULL,NULL,NULL,NULL,NULL,NULL,NULL
1001,3,PATRIMONIO,1,3,1,                  ,1,NULL,NULL,NULL,NULL,NULL,NULL,NULL,NULL
1001,31,FONDO PATRIMONIAL NETO,2,3,1,3,1,NULL,NULL,NULL,NULL,NULL,NULL,NULL,NULL
1001,3101,PATRIMONIO INICIAL,3,3,1,31,1,NULL,NULL,NULL,NULL,NULL,NULL,NULL,NULL
1001,310101,PATRIMONIO INICIAL,4,3,1,3101,1,NULL,NULL,NULL,NULL,NULL,NULL,NULL,NULL
1001,31010101,PATRIMONIO INICIAL,5,3,2,310101,1,NULL,NULL,NULL,NULL,NULL,NULL,NULL,NULL
1001,3102,PATRIMONIO DONADO,3,3,1,31,1,NULL,NULL,NULL,NULL,NULL,NULL,NULL,NULL
1001,310201,PATRIMONIO DONADO,4,3,1,3102,1,NULL,NULL,NULL,NULL,NULL,NULL,NULL,NULL
1001,31020101,DONACIONES EN EFECTIVO,5,3,2,310201,1,NULL,NULL,NULL,NULL,NULL,NULL,NULL,NULL
1001,31020102,OTRAS DONACIONES,5,3,2,310201,1,NULL,NULL,NULL,NULL,NULL,NULL,NULL,NULL
1001,3103,SUPERAVIT POR REVALUACION,3,3,1,31,1,NULL,NULL,NULL,NULL,NULL,NULL,NULL,NULL
1001,310301,SUPERAVIT POR REVALUACION,4,3,1,3103,1,NULL,NULL,NULL,NULL,NULL,NULL,NULL,NULL
1001,31030101,REVALUACION DE TERRENOS,5,3,2,310301,1,NULL,NULL,NULL,NULL,NULL,NULL,NULL,NULL
1001,31030102,REVALUACION DE EDIFICIOS,5,3,2,310301,1,NULL,NULL,NULL,NULL,NULL,NULL,NULL,NULL
1001,3104,RESULTADOS ACUMULADOS NETOS,3,3,1,31,1,NULL,NULL,NULL,NULL,NULL,NULL,NULL,NULL
1001,310401,EXCEDENTES DEL EJERCICIO ACTUAL,4,3,1,3104,1,NULL,NULL,NULL,NULL,NULL,NULL,NULL,NULL
1001,31040101,EXCEDENTES DEL EJERCICIO,5,3,2,310401,1,NULL,NULL,NULL,NULL,NULL,NULL,NULL,NULL
1001,310402,DEFICIT DEL EJERCICIO ACTUAL,4,3,1,3104,1,NULL,NULL,NULL,NULL,NULL,NULL,NULL,NULL
1001,31040201,DEFICIT DEL EJERCICIO,5,3,2,310402,1,NULL,NULL,NULL,NULL,NULL,NULL,NULL,NULL
1001,310403,EXCEDENTES ACUMULADOS ANTERIORES,4,3,1,3104,1,NULL,NULL,NULL,NULL,NULL,NULL,NULL,NULL
1001,31040301,EXCEDENTES ACUMULADOS HASTA 1990,5,3,2,310403,1,NULL,NULL,NULL,NULL,NULL,NULL,NULL,NULL
1001,31040302,EXCEDENTES DEL  AÑO 1991,5,3,2,310403,1,NULL,NULL,NULL,NULL,NULL,NULL,NULL,NULL
1001,31040303,EXCEDENTES DEL  AÑO 1992,5,3,2,310403,1,NULL,NULL,NULL,NULL,NULL,NULL,NULL,NULL
1001,31040304,EXCEDENTES DEL  AÑO 1993,5,3,2,310403,1,NULL,NULL,NULL,NULL,NULL,NULL,NULL,NULL
1001,31040305,EXCEDENTES DEL  AÑO 1994,5,3,2,310403,1,NULL,NULL,NULL,NULL,NULL,NULL,NULL,NULL
1001,31040306,EXCEDENTES DEL  AÑO 1995,5,3,2,310403,1,NULL,NULL,NULL,NULL,NULL,NULL,NULL,NULL
1001,31040307,EXCEDENTES DEL  AÑO 1996,5,3,2,310403,1,NULL,NULL,NULL,NULL,NULL,NULL,NULL,NULL
1001,31040308,EXCEDENTES DEL  AÑO 1997,5,3,2,310403,1,NULL,NULL,NULL,NULL,NULL,NULL,NULL,NULL
1001,31040309,EXCEDENTES DEL  AÑO 1998,5,3,2,310403,1,NULL,NULL,NULL,NULL,NULL,NULL,NULL,NULL
1001,31040310,EXCEDENTES DEL  AÑO 1999,5,3,2,310403,1,NULL,NULL,NULL,NULL,NULL,NULL,NULL,NULL
1001,31040311,EXCEDENTES DEL  AÑO 2000,5,3,2,310403,1,NULL,NULL,NULL,NULL,NULL,NULL,NULL,NULL
1001,31040312,EXCEDENTES DEL  AÑO 2001,5,3,2,310403,1,NULL,NULL,NULL,NULL,NULL,NULL,NULL,NULL
1001,31040313,EXCEDENTES DEL  AÑO 2002,5,3,2,310403,1,NULL,NULL,NULL,NULL,NULL,NULL,NULL,NULL
1001,31040314,EXCEDENTES DEL  AÑO 2003,5,3,2,310403,1,NULL,NULL,NULL,NULL,NULL,NULL,NULL,NULL
1001,31040315,EXCEDENTES DEL AÑO 2004,5,3,2,310403,1,NULL,NULL,NULL,NULL,NULL,NULL,NULL,NULL
1001,31040316,EXCEDENTES DEL AÑO 2005,5,3,2,310403,1,NULL,NULL,NULL,NULL,NULL,NULL,NULL,NULL
1001,31040317,EXCEDENTES DEL AÑO 2006,5,3,2,310403,1,NULL,NULL,NULL,NULL,NULL,NULL,NULL,NULL
1001,31040318,EXCEDENTES DEL AÑO 2007,5,3,2,310403,1,NULL,NULL,NULL,NULL,NULL,NULL,NULL,NULL
1001,31040319,EXCEDENTES DEL AÑO 2008,5,3,2,310403,1,NULL,NULL,NULL,NULL,NULL,NULL,NULL,NULL
1001,31040320,EXCEDENTES DEL AÑO 2017,5,3,2,310403,1,NULL,NULL,NULL,NULL,NULL,NULL,NULL,NULL
1001,31040321,EXCEDENTES DEL AÑO 2018,5,3,2,310403,1,NULL,NULL,NULL,NULL,NULL,NULL,NULL,NULL
1001,31040322,EXCEDENTES DEL AÑO 2019,5,3,2,310403,1,NULL,NULL,NULL,NULL,NULL,NULL,NULL,NULL
1001,31040323,EXCEDENTE DEL AÑO 2021,5,3,2,310403,1,NULL,NULL,NULL,NULL,NULL,N,NULL,NULL
1001,31040324,EXCEDENTES DEL AÑO 2022,5,3,2,310403,1,NULL,NULL,NULL,NULL,NULL,N,NULL,NULL
1001,31040325,EXCEDENTES DEL AÑO 2023,5,3,2,310403,1,NULL,NULL,NULL,NULL,NULL,N,NULL,NULL
1001,310404,DEFICITS ACUMULADO ANTERIORES,4,3,1,3104,1,NULL,NULL,NULL,NULL,NULL,NULL,NULL,NULL
1001,31040401,DEFICIT DEL AÑO ?,5,3,2,310404,1,NULL,NULL,NULL,NULL,NULL,NULL,NULL,NULL
1001,31040402,DEFICIT DEL AÑO 2009,5,3,2,310404,1,NULL,NULL,NULL,NULL,NULL,NULL,NULL,NULL
1001,31040403,DEFICIT DEL AÑO 2010,5,3,2,310404,1,NULL,NULL,NULL,NULL,NULL,NULL,NULL,NULL
1001,31040404,DEFICIT DEL AÑO 2011,5,3,2,310404,1,NULL,NULL,NULL,NULL,NULL,NULL,NULL,NULL
1001,31040405,DEFICIT DEL AÑO 2012,5,3,2,310404,1,NULL,NULL,NULL,NULL,NULL,NULL,NULL,NULL
1001,31040406,DEFICIT DEL AÑO 2013,5,3,2,310404,1,NULL,NULL,NULL,NULL,NULL,NULL,NULL,NULL
1001,31040407,DEFICIT DEL AÑO 2014,5,3,2,310404,1,NULL,NULL,NULL,NULL,NULL,NULL,NULL,NULL
1001,31040408,DEFICIT DEL AÑO 2015,5,3,2,310404,1,NULL,NULL,NULL,NULL,NULL,NULL,NULL,NULL
1001,31040409,DEFICIT DEL AÑO 2016,5,3,2,310404,1,NULL,NULL,NULL,NULL,NULL,NULL,NULL,NULL
1001,31040410,DEFICIT DEL AÑO 2020,5,3,2,310404,1,NULL,NULL,NULL,NULL,NULL,N,NULL,NULL
1001,4,COSTOS Y GASTOS,1,4,1,                  ,1,NULL,NULL,NULL,NULL,NULL,NULL,NULL,NULL
1001,41,COSTOS ACTIVIDADES DE OPERACION,2,4,1,4,1,NULL,NULL,NULL,NULL,NULL,NULL,NULL,NULL
1001,4104,ACTIVIDADES COMERCIALES,3,4,1,41,1,NULL,4104,NULL,NULL,NULL,NULL,NULL,NULL
1001,410401,ACTIVIDADES COMERCIALES,4,4,1,4104,1,NULL,4104,NULL,NULL,NULL,NULL,NULL,NULL
1001,41040101,LIBRERIA,5,4,1,410401,1,NULL,4104,NULL,NULL,NULL,NULL,NULL,NULL
1001,4104010106,IMPRENTA RICALDONE,6,4,1,41040101,1,NULL,4104,NULL,NULL,NULL,NULL,NULL,NULL
1001,4.10401E+11,COSTO DE VENTAS,7,4,1,4104010106,1,NULL,4104,NULL,NULL,NULL,NULL,NULL,NULL
1001,4.10401E+13,COSTO DE VENTAS,8,4,2,4.10401E+11,1,NULL,4104,NULL,NULL,NULL,NULL,NULL,NULL
1001,4105,ACTIVIDADES PRODUCTIVAS,3,4,1,41,1,NULL,NULL,NULL,NULL,NULL,NULL,NULL,NULL
1001,410501,COSTO DE PRODUCCION ACTIVIDADES PRODUCTIVAS,4,4,1,4105,1,NULL,301,NULL,NULL,NULL,NULL,NULL,NULL
1001,41050101,IMPRENTA,5,4,1,410501,1,NULL,301,NULL,NULL,NULL,NULL,NULL,NULL
1001,4105010101,SUELDOS Y PRESTACIONES AL PERSONAL,6,4,1,41050101,1,NULL,301,NULL,NULL,NULL,NULL,NULL,NULL
1001,4.10501E+11,SUELDOS ORDINARIOS,7,4,2,4105010101,1,NULL,301,NULL,NULL,NULL,NULL,NULL,NULL
1001,4.10501E+11,BONIFICACIONES,7,4,2,4105010101,1,NULL,301,NULL,NULL,NULL,NULL,NULL,NULL
1001,4.10501E+11,HORAS EXTRAS,7,4,2,4105010101,1,NULL,301,NULL,NULL,NULL,NULL,NULL,NULL
1001,4.10501E+11,CUOTA PATRONAL - SEGURO SOCIAL,7,4,2,4105010101,1,NULL,301,NULL,NULL,NULL,NULL,NULL,NULL
1001,4.10501E+11,CUOTA PREVISIONAL AFP,7,4,2,4105010101,1,NULL,301,NULL,NULL,NULL,NULL,NULL,NULL
1001,4.10501E+11,VACACIONES,7,4,2,4105010101,1,NULL,301,NULL,NULL,NULL,NULL,NULL,NULL
1001,4.10501E+11,AGUINALDO,7,4,2,4105010101,1,NULL,301,NULL,NULL,NULL,NULL,NULL,NULL
1001,4.10501E+11,INDEMNIZACION,7,4,2,4105010101,1,NULL,301,NULL,NULL,NULL,NULL,NULL,NULL
1001,4.10501E+11,ATENCIONES AL PERSONAL,7,4,2,4105010101,1,NULL,301,NULL,NULL,NULL,NULL,NULL,NULL
1001,4.10501E+11,REGALOS Y BONIFICACIONES,7,4,2,4105010101,1,NULL,301,NULL,NULL,NULL,NULL,NULL,NULL
1001,4.10501E+11,CAPACITACION,7,4,2,4105010101,1,NULL,301,NULL,NULL,NULL,NULL,NULL,NULL
1001,4.10501E+11,RETIROS ESPIRITUALES,7,4,2,4105010101,1,NULL,301,NULL,NULL,NULL,NULL,NULL,NULL
1001,4.10501E+11,COMISIONES,7,4,2,4105010101,1,NULL,301,NULL,NULL,NULL,NULL,NULL,NULL
1001,4.10501E+11,SEGURO DE VIDA A EMPLEADOS,7,4,2,4105010101,1,NULL,301,NULL,NULL,NULL,NULL,NULL,NULL
1001,4105010102,OTROS GASTOS Y SERVICIOS DE TERCEROS,6,4,1,41050101,1,NULL,301,NULL,NULL,NULL,NULL,NULL,NULL
1001,4.10501E+11,ENERGIA ELECTRICA,7,4,2,4105010102,1,NULL,301,NULL,NULL,NULL,NULL,NULL,NULL
1001,4.10501E+11,TELEFONOS FIJOS,7,4,2,4105010102,1,NULL,301,NULL,NULL,NULL,NULL,NULL,NULL
1001,4.10501E+11,TELEFONOS CELULARES,7,4,2,4105010102,1,NULL,301,NULL,NULL,NULL,NULL,NULL,NULL
1001,4.10501E+11,SERVICIOS DE INTERNET,7,4,2,4105010102,1,NULL,301,NULL,NULL,NULL,NULL,NULL,NULL
1001,4.10501E+11,CORREOS,7,4,2,4105010102,1,NULL,301,NULL,NULL,NULL,NULL,NULL,NULL
1001,4.10501E+11,CONSUMOS DE AGUA,7,4,2,4105010102,1,NULL,301,NULL,NULL,NULL,NULL,NULL,NULL
1001,4.10501E+11,HONORARIOS PROFESIONALES,7,4,2,4105010102,1,NULL,301,NULL,NULL,NULL,NULL,NULL,NULL
1001,4.10501E+11,SEGUROS AL PERSONAL,7,4,2,4105010102,1,NULL,301,NULL,NULL,NULL,NULL,NULL,NULL
1001,4.10501E+11,SEGUROS PARA EL ALUMNO,7,4,2,4105010102,1,NULL,301,NULL,NULL,NULL,NULL,NULL,NULL
1001,4.10501E+11,SEGUROS DE VEHICULOS,7,4,2,4105010102,1,NULL,301,NULL,NULL,NULL,NULL,NULL,NULL
1001,4.10501E+11,ALQUILERES,7,4,2,4105010102,1,NULL,301,NULL,NULL,NULL,NULL,NULL,NULL
1001,4.10501E+11,GASTOS DE EXPORTACIONES,7,4,2,4105010102,1,NULL,301,NULL,NULL,NULL,NULL,NULL,NULL
1001,4.10501E+11,PERSONAL DE SEGURIDAD EXTERNO,7,4,2,4105010102,1,NULL,301,NULL,NULL,NULL,NULL,NULL,NULL
1001,4.10501E+11,MATERIALES DE LIMPIEZA,7,4,2,4105010102,1,NULL,301,NULL,NULL,NULL,NULL,NULL,NULL
1001,4.10501E+11,EXTRACCION DE BASURA,7,4,2,4105010102,1,NULL,301,NULL,NULL,NULL,NULL,NULL,NULL
1001,4.10501E+11,LAVADO DE ROPA,7,4,2,4105010102,1,NULL,301,NULL,NULL,NULL,NULL,NULL,NULL
1001,4.10501E+11,PAPELERIA Y UTILES DE OFICINA,7,4,2,4105010102,1,NULL,301,NULL,NULL,NULL,NULL,NULL,NULL
1001,4.10501E+11,MATERIALES DE MASTER Y TINTA,7,4,2,4105010102,1,NULL,301,NULL,NULL,NULL,NULL,NULL,NULL
1001,4.10501E+11,TONER PARA COPIADORA,7,4,2,4105010102,1,NULL,301,NULL,NULL,NULL,NULL,NULL,NULL
1001,4.10501E+11,MATERIAL DIDACTICO,7,4,2,4105010102,1,NULL,301,NULL,NULL,NULL,NULL,NULL,NULL
1001,4.10501E+11,PAPEL BOND,7,4,2,4105010102,1,NULL,301,NULL,NULL,NULL,NULL,NULL,NULL
1001,4.10501E+11,"AVISOS, PUBLICACIONES Y PROPAGANDA",7,4,2,4105010102,1,NULL,301,NULL,NULL,NULL,NULL,NULL,NULL
1001,4.10501E+11,BOLETOS AEREOS,7,4,2,4105010102,1,NULL,301,NULL,NULL,NULL,NULL,NULL,NULL
1001,4.10501E+11,VIATICOS Y GASTOS DE VIAJE,7,4,2,4105010102,1,NULL,301,NULL,NULL,NULL,NULL,NULL,NULL
1001,4.10501E+11,COMBUSTIBLE DE VEHICULOS,7,4,2,4105010102,1,NULL,301,NULL,NULL,NULL,NULL,NULL,NULL
1001,4.10501E+11,COMBUSTIBLE DE COCINA,7,4,2,4105010102,1,NULL,301,NULL,NULL,NULL,NULL,NULL,NULL
1001,4.10501E+11,"ROPA, CALZADO Y UNIFORMES",7,4,2,4105010102,1,NULL,301,NULL,NULL,NULL,NULL,NULL,NULL
1001,4.10501E+11,ALIMENTACION,7,4,2,4105010102,1,NULL,301,NULL,NULL,NULL,NULL,NULL,NULL
1001,4.10501E+11,"MEDICINAS, CONSULTAS Y EXAMENES MEDICOS",7,4,2,4105010102,1,NULL,301,NULL,NULL,NULL,NULL,NULL,NULL
1001,4.10501E+11,OPERACIONES QUIRURGICAS,7,4,2,4105010102,1,NULL,301,NULL,NULL,NULL,NULL,NULL,NULL
1001,4.10501E+11,ACTIVIDADES DEPORTIVAS,7,4,2,4105010102,1,NULL,301,NULL,NULL,NULL,NULL,NULL,NULL
1001,4.10501E+11,MATERIAL DE LECTURA Y SUSCRIPCIONES,7,4,2,4105010102,1,NULL,301,NULL,NULL,NULL,NULL,NULL,NULL
1001,4.10501E+11,GASTOS DE REPRESENTACION,7,4,2,4105010102,1,NULL,301,NULL,NULL,NULL,NULL,NULL,NULL
1001,4.10501E+11,FLETES Y ACARREOS,7,4,2,4105010102,1,NULL,301,NULL,NULL,NULL,NULL,NULL,NULL
1001,4.10501E+11,GASTOS DE HERMANOS SASLESIANOS,7,4,1,4105010102,1,NULL,301,NULL,NULL,NULL,NULL,NULL,NULL
1001,4.10501E+13,MEDICINA,8,4,2,4.10501E+11,1,NULL,301,NULL,NULL,NULL,NULL,NULL,NULL
1001,4.10501E+13,GASTOS HERMANOS,8,4,2,4.10501E+11,1,NULL,301,NULL,NULL,NULL,NULL,NULL,NULL
1001,4.10501E+11,ACTIVIDADES DE PASTORAL,7,4,2,4105010102,1,NULL,301,NULL,NULL,NULL,NULL,NULL,NULL
1001,4.10501E+11,IMPUESTOS MUNICIPALES Y CONTRIBUCIONES,7,4,2,4105010102,1,NULL,301,NULL,NULL,NULL,NULL,NULL,NULL
1001,4.10501E+11,ARTICULOS DE HIGIENE Y SEGURIDAD INDUSTRIAL,7,4,2,4105010102,1,NULL,301,NULL,NULL,NULL,NULL,NULL,NULL
1001,4.10501E+11,PERDIDA POR DETERIORO DE ACTIVOS,7,4,2,4105010102,1,NULL,301,NULL,NULL,NULL,NULL,NULL,NULL
1001,4.10501E+11,GASTOS EXTRAORDINARIOS,7,4,2,4105010102,1,NULL,301,NULL,NULL,NULL,NULL,NULL,NULL
1001,4.10501E+11,SERVICIOS FUNERARIOS,7,4,2,4105010102,1,NULL,301,NULL,NULL,NULL,NULL,NULL,NULL
1001,4.10501E+11,HERRAMIENTAS Y ACCESORIOS,7,4,2,4105010102,1,NULL,301,NULL,NULL,NULL,NULL,NULL,NULL
1001,4105010103,MANTTO. Y REPARACIONES,6,4,1,41050101,1,NULL,301,NULL,NULL,NULL,NULL,NULL,NULL
1001,4.10501E+11,MANTTO. DE EDIFICIOS,7,4,2,4105010103,1,NULL,301,NULL,NULL,NULL,NULL,NULL,NULL
1001,4.10501E+11,MANTTO. DE INSTALACIONES,7,4,2,4105010103,1,NULL,301,NULL,NULL,NULL,NULL,NULL,NULL
1001,4.10501E+11,MANTTO. DE MAQUINARIA  Y EQUIPO,7,4,1,4105010103,1,NULL,301,NULL,NULL,NULL,NULL,NULL,NULL
1001,4.10501E+13,CONVERTIDORA,8,4,2,4.10501E+11,1,NULL,301,NULL,NULL,NULL,NULL,NULL,NULL
1001,4.10501E+13,MAQUINA DOBLADORA,8,4,2,4.10501E+11,1,NULL,301,NULL,NULL,NULL,NULL,NULL,NULL
1001,4.10501E+13,GUILLOTINAS,8,4,2,4.10501E+11,1,NULL,301,NULL,NULL,NULL,NULL,NULL,NULL
1001,4.10501E+13,"MAQUINA SORMZ #1, DOS COLORES",8,4,2,4.10501E+11,1,NULL,301,NULL,NULL,NULL,NULL,NULL,NULL
1001,4.10501E+13,MAQUINA ENCOLADORA PEGADORA,8,4,2,4.10501E+11,1,NULL,301,NULL,NULL,NULL,NULL,NULL,NULL
1001,4.10501E+13,MAQUINA GT52 DE DOS COLORES,8,4,2,4.10501E+11,1,NULL,301,NULL,NULL,NULL,NULL,NULL,NULL
1001,4.10501E+13,EQUIPO COMPAQ,8,4,2,4.10501E+11,1,NULL,301,NULL,NULL,NULL,NULL,NULL,NULL
1001,4.10501E+13,EQUIPO MONTACARGA,8,4,2,4.10501E+11,1,NULL,301,NULL,NULL,NULL,NULL,NULL,NULL
1001,4.10501E+13,EQUIPO APPLE - MACINTOSH,8,4,2,4.10501E+11,1,NULL,301,NULL,NULL,NULL,NULL,NULL,NULL
1001,4.10501E+13,MONTACARGA YALE,8,4,2,4.10501E+11,1,NULL,301,NULL,NULL,NULL,NULL,NULL,NULL
1001,4.10501E+13,DOBLADORA STAHL # 45860,8,4,2,4.10501E+11,1,NULL,301,NULL,NULL,NULL,NULL,NULL,NULL
1001,4.10501E+13,MAQUINA COSEDORA DE HILO,8,4,2,4.10501E+11,1,NULL,301,NULL,NULL,NULL,NULL,NULL,NULL
1001,4.10501E+13,SCANNER MARCA TOPAZ,8,4,2,4.10501E+11,1,NULL,301,NULL,NULL,NULL,NULL,NULL,NULL
1001,4.10501E+13,EQUIPO UPS MARCA LIEBERT,8,4,2,4.10501E+11,1,NULL,301,NULL,NULL,NULL,NULL,NULL,NULL
1001,4.10501E+13,MANTTO. EQUIPO AIRE ACONDICIONADO,8,4,2,4.10501E+11,1,NULL,301,NULL,NULL,NULL,NULL,NULL,NULL
1001,4.10501E+13,LAVADORA HOT POINT,8,4,2,4.10501E+11,1,NULL,301,NULL,NULL,NULL,NULL,NULL,NULL
1001,4.10501E+13,"MAQUINA SORMZ # 2, DOS COLORES",8,4,2,4.10501E+11,1,NULL,301,NULL,NULL,NULL,NULL,NULL,NULL
1001,4.10501E+13,MAQUINA INDIGO,8,4,2,4.10501E+11,1,NULL,301,NULL,NULL,NULL,NULL,NULL,NULL
1001,4.10501E+13,FILTRO DE AGUA,8,4,2,4.10501E+11,1,NULL,301,NULL,NULL,NULL,NULL,NULL,NULL
1001,4.10501E+13,IMPRESORA DUPLO,8,4,2,4.10501E+11,1,NULL,301,NULL,NULL,NULL,NULL,NULL,NULL
1001,4.10501E+13,EQUIPO CTP,8,4,2,4.10501E+11,1,NULL,301,NULL,NULL,NULL,NULL,NULL,NULL
1001,4.10501E+13,IMPRESORA LASER XANTE,8,4,2,4.10501E+11,1,NULL,301,NULL,NULL,NULL,NULL,NULL,NULL
1001,4.10501E+13,PLASTIFICADORA,8,4,2,4.10501E+11,1,NULL,301,NULL,NULL,NULL,NULL,NULL,NULL
1001,4.10501E+13,PLANTA GENERADORA,8,4,2,4.10501E+11,1,NULL,301,NULL,NULL,NULL,NULL,NULL,NULL
1001,4.10501E+13,MAQUINA MINERVA,8,4,2,4.10501E+11,1,NULL,301,NULL,NULL,NULL,NULL,NULL,NULL
1001,4.10501E+13,MAQUINA GTO52 DE UN COLOR,8,4,2,4.10501E+11,1,NULL,301,NULL,NULL,NULL,NULL,NULL,NULL
1001,4.10501E+13,QUEMADORA PLANCHA,8,4,2,4.10501E+11,1,NULL,301,NULL,NULL,NULL,NULL,NULL,NULL
1001,4.10501E+13,"EQUIPO UPS, MARCA EMERSON",8,4,2,4.10501E+11,1,NULL,301,NULL,NULL,NULL,NULL,NULL,NULL
1001,4.10501E+13,PROCESADORA DE NEGATIVOS,8,4,2,4.10501E+11,1,NULL,301,NULL,NULL,NULL,NULL,NULL,NULL
1001,4.10501E+13,FOTOCOPIADORA HP,8,4,2,4.10501E+11,1,NULL,301,NULL,NULL,NULL,NULL,NULL,NULL
1001,4.10501E+13,CORTAGRAMA,8,4,2,4.10501E+11,1,NULL,301,NULL,NULL,NULL,NULL,NULL,NULL
1001,4.10501E+13,IMPR. SPEEMASTER 74,8,4,2,4.10501E+11,1,NULL,301,NULL,NULL,NULL,NULL,NULL,NULL
1001,4.10501E+13,DENSITOMETRO,8,4,2,4.10501E+11,1,NULL,301,NULL,NULL,NULL,NULL,NULL,NULL
1001,4.10501E+13,PLANTA TELEFONICA,8,4,2,4.10501E+11,1,NULL,301,NULL,NULL,NULL,NULL,NULL,NULL
1001,4.10501E+13,COMPRESOR,8,4,2,4.10501E+11,1,NULL,301,NULL,NULL,NULL,NULL,NULL,NULL
1001,4.10501E+13,MAQUINA CILINDRICA,8,4,2,4.10501E+11,1,NULL,301,NULL,NULL,NULL,NULL,NULL,NULL
1001,4.10501E+13,GUILLOTINA AUTOMATICA POLAR,8,4,2,4.10501E+11,1,NULL,301,NULL,NULL,NULL,NULL,NULL,NULL
1001,4.10501E+13,SERVIDOR MARCA DELL MOD.PE1900 SERIE 9PB25C1,8,4,2,4.10501E+11,1,NULL,301,NULL,NULL,NULL,NULL,NULL,NULL
1001,4.10501E+13,EXTINTORES,8,4,2,4.10501E+11,1,NULL,301,NULL,NULL,NULL,NULL,NULL,NULL
1001,4.10501E+13,ENCUADERNADORA DE ANILLO METALICO,8,4,2,4.10501E+11,1,NULL,301,NULL,NULL,NULL,NULL,NULL,NULL
1001,4.10501E+11,MANTTO. DE VEHICULOS,7,4,2,4105010103,1,NULL,301,NULL,NULL,NULL,NULL,NULL,NULL
1001,4.10501E+11,MANTTO. DE MOBILIARIO Y EQUIPO,7,4,2,4105010103,1,NULL,301,NULL,NULL,NULL,NULL,NULL,NULL
1001,4105010104,DEPRECIACIONES Y AMORTIZACIONES,6,4,1,41050101,1,NULL,301,NULL,NULL,NULL,NULL,NULL,NULL
1001,4.10501E+11,DEPRECIACIONES,7,4,2,4105010104,1,NULL,301,NULL,NULL,NULL,NULL,NULL,NULL
1001,4.10501E+11,AMORTIZACIONES,7,4,2,4105010104,1,NULL,301,NULL,NULL,NULL,NULL,NULL,NULL
1001,4105010105,CUOTAS,6,4,1,41050101,1,NULL,301,NULL,NULL,NULL,NULL,NULL,NULL
1001,4.10501E+11,CUOTA INSPECTORIAL,7,4,2,4105010105,1,NULL,301,NULL,NULL,NULL,NULL,NULL,NULL
1001,4105010106,GASTOS FINANCIEROS,6,4,1,41050101,1,NULL,301,NULL,NULL,NULL,NULL,NULL,NULL
1001,4.10501E+11,INTERESES BANCARIOS,7,4,2,4105010106,1,NULL,301,NULL,NULL,NULL,NULL,NULL,NULL
1001,4.10501E+11,COMISIONES BANCARIAS,7,4,2,4105010106,1,NULL,301,NULL,NULL,NULL,NULL,NULL,NULL
1001,4.10501E+11,OTROS GASTOS FINANCIEROS,7,4,2,4105010106,1,NULL,301,NULL,NULL,NULL,NULL,NULL,NULL
1001,4105010107,OTROS GASTOS,6,4,1,41050101,1,NULL,301,NULL,NULL,NULL,NULL,NULL,NULL
1001,4.10501E+11,PERDIDAS POR ROBOS,7,4,2,4105010107,1,NULL,301,NULL,NULL,NULL,NULL,NULL,NULL
1001,4.10501E+11,PERDIDAS POR VENTA DE ACTIVO FIJO,7,4,2,4105010107,1,NULL,301,NULL,NULL,NULL,NULL,NULL,NULL
1001,4.10501E+11,DIFERENCIAL CAMBIARIO,7,4,2,4105010107,1,NULL,301,NULL,NULL,NULL,NULL,NULL,NULL
1001,4105010108,COSTO DE PRODUCCION,6,4,1,41050101,1,NULL,301,NULL,NULL,NULL,NULL,NULL,NULL
1001,4.10501E+11,MATERIALES,7,4,1,4105010108,1,NULL,301,NULL,NULL,NULL,NULL,NULL,NULL
1001,4.10501E+13,PAPEL Y CARTULINA,8,4,2,4.10501E+11,1,NULL,301,NULL,NULL,NULL,NULL,NULL,NULL
1001,4.10501E+13,PELICULAS,8,4,2,4.10501E+11,1,NULL,301,NULL,NULL,NULL,NULL,NULL,NULL
1001,4.10501E+13,PEGAMENTOS,8,4,2,4.10501E+11,1,NULL,301,NULL,NULL,NULL,NULL,NULL,NULL
1001,4.10501E+13,PLANCHAS,8,4,2,4.10501E+11,1,NULL,301,NULL,NULL,NULL,NULL,NULL,NULL
1001,4.10501E+13,QUIMICOS,8,4,2,4.10501E+11,1,NULL,301,NULL,NULL,NULL,NULL,NULL,NULL
1001,4.10501E+13,SOBRES,8,4,2,4.10501E+11,1,NULL,301,NULL,NULL,NULL,NULL,NULL,NULL
1001,4.10501E+13,TINTAS,8,4,2,4.10501E+11,1,NULL,301,NULL,NULL,NULL,NULL,NULL,NULL
1001,4.10501E+13,OTROS MATERIALES DE PRODUCCION,8,4,2,4.10501E+11,1,NULL,301,NULL,NULL,NULL,NULL,NULL,NULL
1001,4.10501E+11,MANO DE OBRA,7,4,1,4105010108,1,NULL,301,NULL,NULL,NULL,NULL,NULL,NULL
1001,4.10501E+13,TROQUELES Y GRABADOS,8,4,2,4.10501E+11,1,NULL,301,NULL,NULL,NULL,NULL,NULL,NULL
1001,4.10501E+13,ARTES E IMPRESION DIGITAL,8,4,2,4.10501E+11,1,NULL,301,NULL,NULL,NULL,NULL,NULL,NULL
1001,4.10501E+13,BARNIZ UV,8,4,2,4.10501E+11,1,NULL,301,NULL,NULL,NULL,NULL,NULL,NULL
1001,4.10501E+13,QUEMADO DE PLANCHAS,8,4,2,4.10501E+11,1,NULL,301,NULL,NULL,NULL,NULL,NULL,NULL
1001,4.10501E+11,SUELDOS ORDINARIOS,7,4,2,4105010108,1,NULL,301,NULL,NULL,NULL,NULL,NULL,NULL
1001,4105010109,COSTO DE VENTAS,6,4,1,41050101,1,NULL,301,NULL,NULL,NULL,NULL,NULL,NULL
1001,4.10501E+11,COSTO DE VENTAS,7,4,2,4105010109,1,NULL,301,NULL,NULL,NULL,NULL,NULL,NULL
1001,41050107,IMPRESION OFFSET,5,4,1,410501,1,NULL,301,NULL,NULL,NULL,NULL,NULL,NULL
1001,4105010708,COSTO DE PRODUCCION,6,4,1,41050107,1,NULL,301,NULL,NULL,NULL,NULL,NULL,NULL
1001,4.10501E+11,MATERIALES,7,4,1,4105010708,1,NULL,301,NULL,NULL,NULL,NULL,NULL,NULL
1001,4.10501E+13,ALAMBRES,8,4,2,4.10501E+11,1,NULL,301,NULL,NULL,NULL,NULL,NULL,NULL
1001,4.10501E+13,BOBINAS DE PAPEL,8,4,2,4.10501E+11,1,NULL,301,NULL,NULL,NULL,NULL,NULL,NULL
1001,4.10501E+13,CARTONES Y CARTULINAS,8,4,2,4.10501E+11,1,NULL,301,NULL,NULL,NULL,NULL,NULL,NULL
1001,4.10501E+13,PAPELES EN PLIEGO,8,4,2,4.10501E+11,1,NULL,301,NULL,NULL,NULL,NULL,NULL,NULL
1001,4.10501E+13,PEGAMENTOS,8,4,2,4.10501E+11,1,NULL,301,NULL,NULL,NULL,NULL,NULL,NULL
1001,4.10501E+13,PLANCHAS,8,4,2,4.10501E+11,1,NULL,301,NULL,NULL,NULL,NULL,NULL,NULL
1001,4.10501E+13,QUIMICOS,8,4,2,4.10501E+11,1,NULL,301,NULL,NULL,NULL,NULL,NULL,NULL
1001,4.10501E+13,SOBRES,8,4,2,4.10501E+11,1,NULL,301,NULL,NULL,NULL,NULL,NULL,NULL
1001,4.10501E+13,TINTAS Y BARNICES,8,4,2,4.10501E+11,1,NULL,301,NULL,NULL,NULL,NULL,NULL,NULL
1001,4.10501E+13,TROQUELES Y GRABADOS,8,4,2,4.10501E+11,1,NULL,301,NULL,NULL,NULL,NULL,NULL,NULL
1001,4.10501E+13,BARNIZADO DE PLIEGOS CON UV,8,4,2,4.10501E+11,1,NULL,301,NULL,NULL,NULL,NULL,NULL,NULL
1001,4.10501E+13,QUEMADO DE PLANCHAS,8,4,2,4.10501E+11,1,NULL,301,NULL,NULL,NULL,NULL,NULL,NULL
1001,4.10501E+13,MATERIALES VARIOS E INSUMOS,8,4,2,4.10501E+11,1,NULL,301,NULL,NULL,NULL,NULL,NULL,NULL
1001,4.10501E+13,MAQUILADO DE PRODUCTOS,8,4,2,4.10501E+11,1,NULL,301,NULL,NULL,NULL,NULL,NULL,NULL
1001,4.10501E+13,PELICULAS,8,4,2,4.10501E+11,1,NULL,301,NULL,NULL,NULL,NULL,NULL,NULL
1001,4.10501E+11,MANO DE OBRA,8,4,1,4105010708,1,NULL,301,NULL,NULL,NULL,NULL,NULL,NULL
1001,4.10501E+13,SUELDOS ORDINARIOS,8,4,2,4.10501E+11,1,NULL,301,NULL,NULL,NULL,NULL,NULL,NULL
1001,4.10501E+13,REGALOS Y BONIFICACIONES,8,4,2,4.10501E+11,1,NULL,301,NULL,NULL,NULL,NULL,NULL,NULL
1001,4.10501E+13,HORAS EXTRAS,8,4,2,4.10501E+11,1,NULL,301,NULL,NULL,NULL,NULL,NULL,NULL
1001,4.10501E+13,CUOTA PATRONAL - SEGURO SOCIAL,8,4,2,4.10501E+11,1,NULL,301,NULL,NULL,NULL,NULL,NULL,NULL
1001,4.10501E+13,CUOTA PREVISIONAL AFP'S,8,4,2,4.10501E+11,1,NULL,301,NULL,NULL,NULL,NULL,NULL,NULL
1001,4.10501E+13,VACACIONES,8,4,2,4.10501E+11,1,NULL,301,NULL,NULL,NULL,NULL,NULL,NULL
1001,4.10501E+13,AGUINALDO,8,4,2,4.10501E+11,1,NULL,301,NULL,NULL,NULL,NULL,NULL,NULL
1001,4.10501E+13,INDEMNIZACION,8,4,2,4.10501E+11,1,NULL,301,NULL,NULL,NULL,NULL,NULL,NULL
1001,4.10501E+13,ATENCIONES AL PERSONAL,8,4,2,4.10501E+11,1,NULL,301,NULL,NULL,NULL,NULL,NULL,NULL
1001,4.10501E+13,CAPACITACION,8,4,2,4.10501E+11,1,NULL,301,NULL,NULL,NULL,NULL,NULL,NULL
1001,4.10501E+13,RETIROS ESPIRITUALES,8,4,2,4.10501E+11,1,NULL,301,NULL,NULL,NULL,NULL,NULL,NULL
1001,4.10501E+13,SEGURO DE VIDA A EMPLEADOS,8,4,2,4.10501E+11,1,NULL,301,NULL,NULL,NULL,NULL,NULL,NULL
1001,4.10501E+13,GASTOS EXTRAORDINARIOS,7,4,2,4.10501E+11,1,NULL,NULL,NULL,NULL,NULL,N,NULL,NULL
1001,4.10501E+11,GASTOS INDIRECTOS DE FABRICACION,7,4,1,4105010708,1,NULL,301,NULL,NULL,NULL,NULL,NULL,NULL
1001,4.10501E+13,ENERGIA ELECTRICA,8,4,2,4.10501E+11,1,NULL,301,NULL,NULL,NULL,NULL,NULL,NULL
1001,4.10501E+13,TELEFONIA FIJA,8,4,2,4.10501E+11,1,NULL,301,NULL,NULL,NULL,NULL,NULL,NULL
1001,4.10501E+13,TELEFONIA CELULAR,8,4,2,4.10501E+11,1,NULL,301,NULL,NULL,NULL,NULL,NULL,NULL
1001,4.10501E+13,SERVICIOS DE INTERNET,8,4,2,4.10501E+11,1,NULL,301,NULL,NULL,NULL,NULL,NULL,NULL
1001,4.10501E+13,CORREOS,8,4,2,4.10501E+11,1,NULL,301,NULL,NULL,NULL,NULL,NULL,NULL
1001,4.10501E+13,CONSUMOS DE AGUA,8,4,2,4.10501E+11,1,NULL,301,NULL,NULL,NULL,NULL,NULL,NULL
1001,4.10501E+13,HONORARIOS PROFESIONALES,8,4,2,4.10501E+11,1,NULL,301,NULL,NULL,NULL,NULL,NULL,NULL
1001,4.10501E+13,SEGUROS PARA EL ALUMNO,8,4,2,4.10501E+11,1,NULL,301,NULL,NULL,NULL,NULL,NULL,NULL
1001,4.10501E+13,SEGUROS DE ACTIVO,8,4,2,4.10501E+11,1,NULL,301,NULL,NULL,NULL,NULL,NULL,NULL
1001,4.10501E+13,ALQUILERES,8,4,2,4.10501E+11,1,NULL,301,NULL,NULL,NULL,NULL,NULL,NULL
1001,4.10501E+13,PERSONAL DE SEGURIDAD EXTERNO,8,4,2,4.10501E+11,1,NULL,301,NULL,NULL,NULL,NULL,NULL,NULL
1001,4.10501E+13,MATERIALES DE LIMPIEZA,8,4,2,4.10501E+11,1,NULL,301,NULL,NULL,NULL,NULL,NULL,NULL
1001,4.10501E+13,PAPELERIA Y UTILES DE OFICINA,8,4,2,4.10501E+11,1,NULL,301,NULL,NULL,NULL,NULL,NULL,NULL
1001,4.10501E+13,MATERIAL DIDACTICO,8,4,2,4.10501E+11,1,NULL,301,NULL,NULL,NULL,NULL,NULL,NULL
1001,4.10501E+13,PAPEL BOND,8,4,2,4.10501E+11,1,NULL,301,NULL,NULL,NULL,NULL,NULL,NULL
1001,4.10501E+13,"AVISOS, PUBLICACIONES Y PROPAGANDA",8,4,2,4.10501E+11,1,NULL,301,NULL,NULL,NULL,NULL,NULL,NULL
1001,4.10501E+13,VIATICOS Y GASTOS DE VIAJE,8,4,2,4.10501E+11,1,NULL,301,NULL,NULL,NULL,NULL,NULL,NULL
1001,4.10501E+13,"MEDICINAS, CONSULTAS Y EXAMENES MEDICOS",8,4,2,4.10501E+11,1,NULL,301,NULL,NULL,NULL,NULL,NULL,NULL
1001,4.10501E+13,GASTOS DE REPRESENTACION,8,4,2,4.10501E+11,1,NULL,301,NULL,NULL,NULL,NULL,NULL,NULL
1001,4.10501E+13,FLETES Y ACARREOS,8,4,2,4.10501E+11,1,NULL,301,NULL,NULL,NULL,NULL,NULL,NULL
1001,4.10501E+13,GASTOS DE HERMANOS SALESIANOS,8,4,2,4.10501E+11,1,NULL,301,NULL,NULL,NULL,NULL,NULL,NULL
1001,4.10501E+13,MANTENIMIENTO DE EDIFICIOS E INSTALACIONES,8,4,2,4.10501E+11,1,NULL,301,NULL,NULL,NULL,NULL,NULL,NULL
1001,4.10501E+13,MANTENIMIENTO DE MAQUINARIA Y EQUIPO,8,4,1,4.10501E+11,1,NULL,301,NULL,NULL,NULL,NULL,NULL,NULL
1001,4.10501E+15,IMPRESORA SPEED MASTER 74,9,4,2,4.10501E+13,1,NULL,301,NULL,NULL,NULL,NULL,NULL,NULL
1001,4.10501E+15,IMPRESORA GTO 52 - 2 COLORES,9,4,2,4.10501E+13,1,NULL,301,NULL,NULL,NULL,NULL,NULL,NULL
1001,4.10501E+15,IMPRESORA SORM  - 1  COLOR,9,4,2,4.10501E+13,1,NULL,301,NULL,NULL,NULL,NULL,NULL,NULL
1001,4.10501E+15,IMPRESORA SORMZ #1- 2 --- 2 COLORES,9,4,2,4.10501E+13,1,NULL,301,NULL,NULL,NULL,NULL,NULL,NULL
1001,4.10501E+15,IMPRESORA GTO 52 - 1 COLOR,9,4,2,4.10501E+13,1,NULL,301,NULL,NULL,NULL,NULL,NULL,NULL
1001,4.10501E+15,IMPRESORA DUPLO,9,4,2,4.10501E+13,1,NULL,301,NULL,NULL,NULL,NULL,NULL,NULL
1001,4.10501E+15,CONVERTIDORA DE BOBINAS A PLIEGOS,9,4,2,4.10501E+13,1,NULL,301,NULL,NULL,NULL,NULL,NULL,NULL
1001,4.10501E+15,MAQUINA PROCESADORA DE NEGATIVOS,9,4,2,4.10501E+13,1,NULL,301,NULL,NULL,NULL,NULL,NULL,NULL
1001,4.10501E+15,MAQUINA QUEMADORA DE PLANCHAS,9,4,2,4.10501E+13,1,NULL,301,NULL,NULL,NULL,NULL,NULL,NULL
1001,4.10501E+15,MANTTO. EQUIPO DE C.T.P.,9,4,2,4.10501E+13,1,NULL,301,NULL,NULL,NULL,NULL,NULL,NULL
1001,4.10501E+15,MAQUINA GUILLOTINA # 1 Y # 2,9,4,2,4.10501E+13,1,NULL,301,NULL,NULL,NULL,NULL,NULL,NULL
1001,4.10501E+15,MAQUINA DOBLADORA STAHL # 45860,9,4,2,4.10501E+13,1,NULL,301,NULL,NULL,NULL,NULL,NULL,NULL
1001,4.10501E+15,MAQUINA PROCESADORA DE PLANCHAS VIOLETAS POLIMERAS,9,4,2,4.10501E+13,1,NULL,301,NULL,NULL,NULL,NULL,NULL,NULL
1001,4.10501E+15,MAQUINA ENCOLADORA PEGADORA,9,4,2,4.10501E+13,1,NULL,301,NULL,NULL,NULL,NULL,NULL,NULL
1001,4.10501E+15,MAQUINA NUMERADORA/TROQUELADORA MINERVA,9,4,2,4.10501E+13,1,NULL,301,NULL,NULL,NULL,NULL,NULL,NULL
1001,4.10501E+15,MAQUINA NUMERADORA/TROQUELADORA CILINDRICA,9,4,2,4.10501E+13,1,NULL,301,NULL,NULL,NULL,NULL,NULL,NULL
1001,4.10501E+15,MAQUINA PLASTIFICADORA,9,4,2,4.10501E+13,1,NULL,301,NULL,NULL,NULL,NULL,NULL,NULL
1001,4.10501E+15,MAQUINA COSEDORA DE HILO,9,4,2,4.10501E+13,1,NULL,301,NULL,NULL,NULL,NULL,NULL,NULL
1001,4.10501E+15,MAQUINA ENCUADERNADORA DE ANILLO METALICO,9,4,2,4.10501E+13,1,NULL,301,NULL,NULL,NULL,NULL,NULL,NULL
1001,4.10501E+15,MANTTO. DE COMPRESORES,9,4,2,4.10501E+13,1,NULL,301,NULL,NULL,NULL,NULL,NULL,NULL
1001,4.10501E+15,MANTTO. EQUIPO UPS MARCA LIEBERT,9,4,2,4.10501E+13,1,NULL,301,NULL,NULL,NULL,NULL,NULL,NULL
1001,4.10501E+15,MANTTO. DE MONTACARGAS,9,4,2,4.10501E+13,1,NULL,301,NULL,NULL,NULL,NULL,NULL,NULL
1001,4.10501E+15,MANTTO. MAQUINAS Y EQUIPOS DIVERSOS,9,4,2,4.10501E+13,1,NULL,301,NULL,NULL,NULL,NULL,NULL,NULL
1001,4.10501E+13,MANTTO DE EQUIPO DE AIRE ACONDICIONADO,8,4,2,4.10501E+11,1,NULL,301,NULL,NULL,NULL,NULL,NULL,NULL
1001,4.10501E+13,MANTTO DE VEHICULOS,8,4,2,4.10501E+11,1,NULL,301,NULL,NULL,NULL,NULL,NULL,NULL
1001,4.10501E+13,MANTTO DE MOBILIARIO Y EQUIPO DE OFICINA,8,4,2,4.10501E+11,1,NULL,301,NULL,NULL,NULL,NULL,NULL,NULL
1001,4.10501E+13,DEPRECIACIONES,8,4,2,4.10501E+11,1,NULL,301,NULL,NULL,NULL,NULL,NULL,NULL
1001,4.10501E+13,"ROPA, CALZADO Y UNIFORMES",8,4,2,4.10501E+11,1,NULL,301,NULL,NULL,NULL,NULL,NULL,NULL
1001,4.10501E+13,ARTICULOS DE HIGIENE Y SEGURIDAD INDUSTRIAL,8,4,2,4.10501E+11,1,NULL,301,NULL,NULL,NULL,NULL,NULL,NULL
1001,4.10501E+13,IMPUESTOS MUNICIPALES Y CONTRIBUCIONES,8,4,2,4.10501E+11,1,NULL,301,NULL,NULL,NULL,NULL,NULL,NULL
1001,4.10501E+13,PERDIDA POR DETERIORO DE ACTIVOS,8,4,2,4.10501E+11,1,NULL,301,NULL,NULL,NULL,NULL,NULL,NULL
1001,4.10501E+13,HERRAMIENTAS Y ACCESORIOS,8,4,2,4.10501E+11,1,NULL,301,NULL,NULL,NULL,NULL,NULL,NULL
1001,41050108,IMPRESION DIGITAL,5,4,1,410501,1,NULL,402,NULL,NULL,NULL,NULL,NULL,NULL
1001,4105010808,COSTO DE PRODUCCION,6,4,1,41050108,1,NULL,402,NULL,NULL,NULL,NULL,NULL,NULL
1001,4.10501E+11,MATERIALES,7,4,1,4105010808,1,NULL,402,NULL,NULL,NULL,NULL,NULL,NULL
1001,4.10501E+13,ALAMBRES,8,4,2,4.10501E+11,1,NULL,402,NULL,NULL,NULL,NULL,NULL,NULL
1001,4.10501E+13,BOBINAS DE PAPEL,8,4,2,4.10501E+11,1,NULL,402,NULL,NULL,NULL,NULL,NULL,NULL
1001,4.10501E+13,CARTONES Y CARTULINAS,8,4,2,4.10501E+11,1,NULL,402,NULL,NULL,NULL,NULL,NULL,NULL
1001,4.10501E+13,PAPELES EN PLIEGO,8,4,2,4.10501E+11,1,NULL,402,NULL,NULL,NULL,NULL,NULL,NULL
1001,4.10501E+13,PEGAMENTOS,8,4,2,4.10501E+11,1,NULL,402,NULL,NULL,NULL,NULL,NULL,NULL
1001,4.10501E+13,PLANCHAS,8,4,2,4.10501E+11,1,NULL,402,NULL,NULL,NULL,NULL,NULL,NULL
1001,4.10501E+13,QUIMICOS,8,4,2,4.10501E+11,1,NULL,402,NULL,NULL,NULL,NULL,NULL,NULL
1001,4.10501E+13,SOBRES,8,4,2,4.10501E+11,1,NULL,402,NULL,NULL,NULL,NULL,NULL,NULL
1001,4.10501E+13,TINTAS Y BARNICES,8,4,2,4.10501E+11,1,NULL,402,NULL,NULL,NULL,NULL,NULL,NULL
1001,4.10501E+13,TROQUELES Y GRABADOS,8,4,2,4.10501E+11,1,NULL,402,NULL,NULL,NULL,NULL,NULL,NULL
1001,4.10501E+13,BARNIZADO DE PLIEGOS CON UV,8,4,2,4.10501E+11,1,NULL,402,NULL,NULL,NULL,NULL,NULL,NULL
1001,4.10501E+13,QUEMADO DE PLANCHAS,8,4,2,4.10501E+11,1,NULL,402,NULL,NULL,NULL,NULL,NULL,NULL
1001,4.10501E+13,MATERIALES VARIOS E INSUMOS,8,4,2,4.10501E+11,1,NULL,402,NULL,NULL,NULL,NULL,NULL,NULL
1001,4.10501E+11,MANO DE OBRA,7,4,1,4105010808,1,NULL,402,NULL,NULL,NULL,NULL,NULL,NULL
1001,4.10501E+13,SUELDOS ORDINARIOS,8,4,2,4.10501E+11,1,NULL,402,NULL,NULL,NULL,NULL,NULL,NULL
1001,4.10501E+13,REGALOS Y BONIFICACIONES,8,4,2,4.10501E+11,1,NULL,402,NULL,NULL,NULL,NULL,NULL,NULL
1001,4.10501E+13,HORAS EXTRAS,8,4,2,4.10501E+11,1,NULL,402,NULL,NULL,NULL,NULL,NULL,NULL
1001,4.10501E+13,CUOTA PATRONAL - SEGURO SOCIAL,8,4,2,4.10501E+11,1,NULL,402,NULL,NULL,NULL,NULL,NULL,NULL
1001,4.10501E+13,CUOTA PREVISIONAL AFP'S,8,4,2,4.10501E+11,1,NULL,402,NULL,NULL,NULL,NULL,NULL,NULL
1001,4.10501E+13,VACACIONES,8,4,2,4.10501E+11,1,NULL,402,NULL,NULL,NULL,NULL,NULL,NULL
1001,4.10501E+13,AGUINALDO,8,4,2,4.10501E+11,1,NULL,402,NULL,NULL,NULL,NULL,NULL,NULL
1001,4.10501E+13,INDEMNIZACION,8,4,2,4.10501E+11,1,NULL,402,NULL,NULL,NULL,NULL,NULL,NULL
1001,4.10501E+13,ATENCIONES AL PERSONAL,8,4,2,4.10501E+11,1,NULL,402,NULL,NULL,NULL,NULL,NULL,NULL
1001,4.10501E+13,CAPACITACION,8,4,2,4.10501E+11,1,NULL,402,NULL,NULL,NULL,NULL,NULL,NULL
1001,4.10501E+13,RETIROS ESPIRITUALES,8,4,2,4.10501E+11,1,NULL,402,NULL,NULL,NULL,NULL,NULL,NULL
1001,4.10501E+13,SEGURO DE VIDA A EMPLEADOS,8,4,2,4.10501E+11,1,NULL,402,NULL,NULL,NULL,NULL,NULL,NULL
1001,4.10501E+11,GASTOS INDIRECTOS DE FABRICACION,7,4,1,4105010808,1,NULL,402,NULL,NULL,NULL,NULL,NULL,NULL
1001,4.10501E+13,ENERGIA ELECTRICA,8,4,2,4.10501E+11,1,NULL,402,NULL,NULL,NULL,NULL,NULL,NULL
1001,4.10501E+13,TELEFONIA FIJA,8,4,2,4.10501E+11,1,NULL,402,NULL,NULL,NULL,NULL,NULL,NULL
1001,4.10501E+13,TELEFONIA CELULAR,8,4,2,4.10501E+11,1,NULL,402,NULL,NULL,NULL,NULL,NULL,NULL
1001,4.10501E+13,SERVICIOS DE INTERNET,8,4,2,4.10501E+11,1,NULL,402,NULL,NULL,NULL,NULL,NULL,NULL
1001,4.10501E+13,CORREOS,8,4,2,4.10501E+11,1,NULL,402,NULL,NULL,NULL,NULL,NULL,NULL
1001,4.10501E+13,CONSUMOS DE AGUA,8,4,2,4.10501E+11,1,NULL,402,NULL,NULL,NULL,NULL,NULL,NULL
1001,4.10501E+13,HONORARIOS PROFESIONALES,8,4,2,4.10501E+11,1,NULL,402,NULL,NULL,NULL,NULL,NULL,NULL
1001,4.10501E+13,SEGUROS PARA EL ALUMNO,8,4,2,4.10501E+11,1,NULL,402,NULL,NULL,NULL,NULL,NULL,NULL
1001,4.10501E+13,SEGUROS DE ACTIVO,8,4,2,4.10501E+11,1,NULL,402,NULL,NULL,NULL,NULL,NULL,NULL
1001,4.10501E+13,ALQUILERES,8,4,2,4.10501E+11,1,NULL,402,NULL,NULL,NULL,NULL,NULL,NULL
1001,4.10501E+13,PERSONAL DE SEGURIDAD EXTERNO,8,4,2,4.10501E+11,1,NULL,402,NULL,NULL,NULL,NULL,NULL,NULL
1001,4.10501E+13,MATERIALES DE LIMPIEZA,8,4,2,4.10501E+11,1,NULL,402,NULL,NULL,NULL,NULL,NULL,NULL
1001,4.10501E+13,PAPELERIA Y UTILES DE OFICINA,8,4,2,4.10501E+11,1,NULL,402,NULL,NULL,NULL,NULL,NULL,NULL
1001,4.10501E+13,MATERIAL DIDACTICO,8,4,2,4.10501E+11,1,NULL,402,NULL,NULL,NULL,NULL,NULL,NULL
1001,4.10501E+13,PAPEL BOND,8,4,2,4.10501E+11,1,NULL,402,NULL,NULL,NULL,NULL,NULL,NULL
1001,4.10501E+13,"AVISOS, PUBLICACIONES Y PROPAGANDAD",8,4,2,4.10501E+11,1,NULL,402,NULL,NULL,NULL,NULL,NULL,NULL
1001,4.10501E+13,VIATICOS Y GASTOS DE VIAJE,8,4,2,4.10501E+11,1,NULL,402,NULL,NULL,NULL,NULL,NULL,NULL
1001,4.10501E+13,"MEDICINAS, CONSULTAS Y EXAMENES MEDICOS",8,4,2,4.10501E+11,1,NULL,402,NULL,NULL,NULL,NULL,NULL,NULL
1001,4.10501E+13,GASTOS DE REPRESENTACION,8,4,2,4.10501E+11,1,NULL,402,NULL,NULL,NULL,NULL,NULL,NULL
1001,4.10501E+13,FLETES Y ACARREOS,8,4,2,4.10501E+11,1,NULL,402,NULL,NULL,NULL,NULL,NULL,NULL
1001,4.10501E+13,GASTOS DE HERMANOS SALESIANOS,8,4,2,4.10501E+11,1,NULL,402,NULL,NULL,NULL,NULL,NULL,NULL
1001,4.10501E+13,MANTTO DE EDIFICIOS E INSTALACIONES,8,4,2,4.10501E+11,1,NULL,402,NULL,NULL,NULL,NULL,NULL,NULL
1001,4.10501E+13,MANTTO DE MAQUINARIA Y EQUIPO,8,4,2,4.10501E+11,1,NULL,402,NULL,NULL,NULL,NULL,NULL,NULL
1001,4.10501E+13,MANTTO DE EQUIPO DE AIRE ACONDICIONADO,8,4,2,4.10501E+11,1,NULL,402,NULL,NULL,NULL,NULL,NULL,NULL
1001,4.10501E+13,MANTTO DE VEHICULOS,8,4,2,4.10501E+11,1,NULL,402,NULL,NULL,NULL,NULL,NULL,NULL
1001,4.10501E+13,MANTTO DE MOBILIARIO Y EQUIPO DE OFICINA,8,4,2,4.10501E+11,1,NULL,402,NULL,NULL,NULL,NULL,NULL,NULL
1001,4.10501E+13,DEPRECIACIONES,8,4,2,4.10501E+11,1,NULL,402,NULL,NULL,NULL,NULL,NULL,NULL
1001,4.10501E+13,"ROPA, CALZADO Y UNIFORMES",8,4,2,4.10501E+11,1,NULL,402,NULL,NULL,NULL,NULL,NULL,NULL
1001,4.10501E+13,ARTICULOS DE HIGIENE Y SEGURIDAD INDUSTRIAL,8,4,2,4.10501E+11,1,NULL,402,NULL,NULL,NULL,NULL,NULL,NULL
1001,4.10501E+13,IMPUESTOS MUNICIPALES Y CONTRIBUCIONES,8,4,2,4.10501E+11,1,NULL,402,NULL,NULL,NULL,NULL,NULL,NULL
1001,4.10501E+13,PERDIDA POR DETERIORO DE ACTIVOS,8,4,2,4.10501E+11,1,NULL,402,NULL,NULL,NULL,NULL,NULL,NULL
1001,4.10501E+13,HERRAMIENTAS Y ACCESORIOS,8,4,2,4.10501E+11,1,NULL,402,NULL,NULL,NULL,NULL,NULL,NULL
1001,41050109,BARNIZADORA UV,5,4,1,410501,1,NULL,503,NULL,NULL,NULL,NULL,NULL,NULL
1001,4105010908,COSTO DE PRODUCCION,6,4,1,41050109,1,NULL,503,NULL,NULL,NULL,NULL,NULL,NULL
1001,4.10501E+11,MATERIALES,7,4,1,4105010908,1,NULL,503,NULL,NULL,NULL,NULL,NULL,NULL
1001,4.10501E+13,ALAMBRES,8,4,2,4.10501E+11,1,NULL,503,NULL,NULL,NULL,NULL,NULL,NULL
1001,4.10501E+13,BOBINAS DE PAPEL,8,4,2,4.10501E+11,1,NULL,503,NULL,NULL,NULL,NULL,NULL,NULL
1001,4.10501E+13,CARTONES Y CARTULINAS,8,4,2,4.10501E+11,1,NULL,503,NULL,NULL,NULL,NULL,NULL,NULL
1001,4.10501E+13,PAPELES EN PLIEGO,8,4,2,4.10501E+11,1,NULL,503,NULL,NULL,NULL,NULL,NULL,NULL
1001,4.10501E+13,PEGAMENTOS,8,4,2,4.10501E+11,1,NULL,503,NULL,NULL,NULL,NULL,NULL,NULL
1001,4.10501E+13,PLANCHAS,8,4,2,4.10501E+11,1,NULL,503,NULL,NULL,NULL,NULL,NULL,NULL
1001,4.10501E+13,QUIMICOS,8,4,2,4.10501E+11,1,NULL,503,NULL,NULL,NULL,NULL,NULL,NULL
1001,4.10501E+13,SOBRES,8,4,2,4.10501E+11,1,NULL,503,NULL,NULL,NULL,NULL,NULL,NULL
1001,4.10501E+13,TINTAS Y BARNICES,8,4,2,4.10501E+11,1,NULL,503,NULL,NULL,NULL,NULL,NULL,NULL
1001,4.10501E+13,TROQUELES Y GRABADOS,8,4,2,4.10501E+11,1,NULL,503,NULL,NULL,NULL,NULL,NULL,NULL
1001,4.10501E+13,BARNIZADO DE PLIEGOS CON UV,8,4,2,4.10501E+11,1,NULL,503,NULL,NULL,NULL,NULL,NULL,NULL
1001,4.10501E+13,QUEMADO DE PLANCHAS,8,4,2,4.10501E+11,1,NULL,503,NULL,NULL,NULL,NULL,NULL,NULL
1001,4.10501E+13,MATERIALES VARIOS E INSUMOS,8,4,2,4.10501E+11,1,NULL,503,NULL,NULL,NULL,NULL,NULL,NULL
1001,4.10501E+11,MANO DE OBRA,7,4,1,4105010908,1,NULL,503,NULL,NULL,NULL,NULL,NULL,NULL
1001,4.10501E+13,SUELDOS ORDINARIOS,8,4,2,4.10501E+11,1,NULL,503,NULL,NULL,NULL,NULL,NULL,NULL
1001,4.10501E+13,REGALOS Y BONIFICACIONES,8,4,2,4.10501E+11,1,NULL,503,NULL,NULL,NULL,NULL,NULL,NULL
1001,4.10501E+13,HORAS EXTRAS,8,4,2,4.10501E+11,1,NULL,503,NULL,NULL,NULL,NULL,NULL,NULL
1001,4.10501E+13,CUOTA PATRONAL - SEGURO SOCIAL,8,4,2,4.10501E+11,1,NULL,503,NULL,NULL,NULL,NULL,NULL,NULL
1001,4.10501E+13,CUOTA PREVISIONAL AFP'S,8,4,2,4.10501E+11,1,NULL,503,NULL,NULL,NULL,NULL,NULL,NULL
1001,4.10501E+13,VACACIONES,8,4,2,4.10501E+11,1,NULL,503,NULL,NULL,NULL,NULL,NULL,NULL
1001,4.10501E+13,AGUINALDO,8,4,2,4.10501E+11,1,NULL,503,NULL,NULL,NULL,NULL,NULL,NULL
1001,4.10501E+13,INDEMNIZACION,8,4,2,4.10501E+11,1,NULL,503,NULL,NULL,NULL,NULL,NULL,NULL
1001,4.10501E+13,ATENCIONES AL PERSONAL,8,4,2,4.10501E+11,1,NULL,503,NULL,NULL,NULL,NULL,NULL,NULL
1001,4.10501E+13,CAPACITACION,8,4,2,4.10501E+11,1,NULL,503,NULL,NULL,NULL,NULL,NULL,NULL
1001,4.10501E+13,RETIROS ESPIRITUALES,8,4,2,4.10501E+11,1,NULL,503,NULL,NULL,NULL,NULL,NULL,NULL
1001,4.10501E+13,SEGURO DE VIDA A EMPLEADOS,8,4,2,4.10501E+11,1,NULL,503,NULL,NULL,NULL,NULL,NULL,NULL
1001,4.10501E+11,GASTOS INDIRECTOS DE FABRICACION,7,4,1,4105010908,1,NULL,503,NULL,NULL,NULL,NULL,NULL,NULL
1001,4.10501E+13,ENERGIA ELECTRICA,8,4,2,4.10501E+11,1,NULL,503,NULL,NULL,NULL,NULL,NULL,NULL
1001,4.10501E+13,TELEFONIA FIJA,8,4,2,4.10501E+11,1,NULL,503,NULL,NULL,NULL,NULL,NULL,NULL
1001,4.10501E+13,TELEFONIA CELULAR,8,4,2,4.10501E+11,1,NULL,503,NULL,NULL,NULL,NULL,NULL,NULL
1001,4.10501E+13,SERVICIOS DE INTERNET,8,4,2,4.10501E+11,1,NULL,503,NULL,NULL,NULL,NULL,NULL,NULL
1001,4.10501E+13,CORREOS,8,4,2,4.10501E+11,1,NULL,503,NULL,NULL,NULL,NULL,NULL,NULL
1001,4.10501E+13,CONSUMOS DE AGUA,8,4,2,4.10501E+11,1,NULL,503,NULL,NULL,NULL,NULL,NULL,NULL
1001,4.10501E+13,HONORARIOS PROFESIONALES,8,4,2,4.10501E+11,1,NULL,503,NULL,NULL,NULL,NULL,NULL,NULL
1001,4.10501E+13,SEGUROS PARA EL ALUMNO,8,4,2,4.10501E+11,1,NULL,503,NULL,NULL,NULL,NULL,NULL,NULL
1001,4.10501E+13,SEGUROS DE ACTIVO,8,4,2,4.10501E+11,1,NULL,503,NULL,NULL,NULL,NULL,NULL,NULL
1001,4.10501E+13,ALQUILERES,8,4,2,4.10501E+11,1,NULL,503,NULL,NULL,NULL,NULL,NULL,NULL
1001,4.10501E+13,PERSONAL DE SEGURIDAD EXTERNO,8,4,2,4.10501E+11,1,NULL,503,NULL,NULL,NULL,NULL,NULL,NULL
1001,4.10501E+13,MATERIALES DE LIMPIEZA,8,4,2,4.10501E+11,1,NULL,503,NULL,NULL,NULL,NULL,NULL,NULL
1001,4.10501E+13,PAPELERIA Y UTILES DE OFICINA,8,4,2,4.10501E+11,1,NULL,503,NULL,NULL,NULL,NULL,NULL,NULL
1001,4.10501E+13,MATERIAL DIDACTICO,8,4,2,4.10501E+11,1,NULL,503,NULL,NULL,NULL,NULL,NULL,NULL
1001,4.10501E+13,PAPEL BOND,8,4,2,4.10501E+11,1,NULL,503,NULL,NULL,NULL,NULL,NULL,NULL
1001,4.10501E+13,"AVISOS, PUBLICACIONES Y PROPAGANDA",8,4,2,4.10501E+11,1,NULL,503,NULL,NULL,NULL,NULL,NULL,NULL
1001,4.10501E+13,VIATICOS Y GASTOS DE VIAJE,8,4,2,4.10501E+11,1,NULL,503,NULL,NULL,NULL,NULL,NULL,NULL
1001,4.10501E+13,"MEDICINAS, CONSULTAS Y EXAMENES MEDICOS",8,4,2,4.10501E+11,1,NULL,503,NULL,NULL,NULL,NULL,NULL,NULL
1001,4.10501E+13,GASTOS DE REPRESENTACION,8,4,2,4.10501E+11,1,NULL,503,NULL,NULL,NULL,NULL,NULL,NULL
1001,4.10501E+13,FLETES Y ACARREOS,8,4,2,4.10501E+11,1,NULL,503,NULL,NULL,NULL,NULL,NULL,NULL
1001,4.10501E+13,GASTOS DE HERMANOS SALESIANOS,8,4,2,4.10501E+11,1,NULL,503,NULL,NULL,NULL,NULL,NULL,NULL
1001,4.10501E+13,MANTTO DE EDIFICIOS E INSTALACIONES,8,4,2,4.10501E+11,1,NULL,503,NULL,NULL,NULL,NULL,NULL,NULL
1001,4.10501E+13,MANTTO DE MAQUINARIA Y EQUIPO,8,4,2,4.10501E+11,1,NULL,503,NULL,NULL,NULL,NULL,NULL,NULL
1001,4.10501E+13,MANTTO DE EQUIPO DE AIRE ACONDICIONADO,8,4,2,4.10501E+11,1,NULL,503,NULL,NULL,NULL,NULL,NULL,NULL
1001,4.10501E+13,MANTTO DE VEHICULOS,8,4,2,4.10501E+11,1,NULL,503,NULL,NULL,NULL,NULL,NULL,NULL
1001,4.10501E+13,MANTTO DE MOBILIARIO Y EQUIPO DE OFICINA,8,4,2,4.10501E+11,1,NULL,503,NULL,NULL,NULL,NULL,NULL,NULL
1001,4.10501E+13,DEPRECIACIONES,8,4,2,4.10501E+11,1,NULL,503,NULL,NULL,NULL,NULL,NULL,NULL
1001,4.10501E+13,"ROPA, CALZADO Y UNIFORMES",8,4,2,4.10501E+11,1,NULL,503,NULL,NULL,NULL,NULL,NULL,NULL
1001,4.10501E+13,ARTICULOS DE HIGIENE Y SEGURIDAD INDUSTRIAL,8,4,2,4.10501E+11,1,NULL,503,NULL,NULL,NULL,NULL,NULL,NULL
1001,4.10501E+13,IMPUESTOS MUNICIPALES Y CONTRIBUCIONES,8,4,2,4.10501E+11,1,NULL,503,NULL,NULL,NULL,NULL,NULL,NULL
1001,4.10501E+13,PERDIDA POR DETERIORO DE ACTIVOS,8,4,2,4.10501E+11,1,NULL,503,NULL,NULL,NULL,NULL,NULL,NULL
1001,4.10501E+13,HERRAMIENTAS Y ACCESORIOS,8,4,2,4.10501E+11,1,NULL,503,NULL,NULL,NULL,NULL,NULL,NULL
1001,41050110,SUBLIMADO Y ESTAMPADO,5,4,1,410501,1,NULL,NULL,NULL,NULL,NULL,N,NULL,NULL
1001,4105011008,COSTOS DE PRODUCCION,6,4,1,41050110,1,NULL,NULL,NULL,NULL,NULL,N,NULL,NULL
1001,4.10501E+11,MATERIALES,7,4,1,4.10501E+11,1,NULL,NULL,NULL,NULL,NULL,N,NULL,NULL
1001,4.10501E+13,BOTELLAS Y TERMOS,8,4,2,4.10501E+11,1,NULL,NULL,NULL,NULL,NULL,N,NULL,NULL
1001,4.10501E+13,CAMISAS Y CAMISETAS,8,4,1,4.10501E+11,1,NULL,NULL,NULL,NULL,NULL,N,NULL,NULL
1001,4.10501E+15,CAMISA SUBLIMADA,9,4,2,4.10501E+13,1,NULL,NULL,NULL,NULL,NULL,N,NULL,NULL
1001,4.10501E+15,CAMISA DTF,9,4,2,4.10501E+13,1,NULL,NULL,NULL,NULL,NULL,N,NULL,NULL
